﻿<?xml version="1.0" encoding="utf-8"?>
<abapGit version="v1.0.0" serializer="LCL_OBJECT_SICF" serializer_version="v1.0.0">
 <asx:abap xmlns:asx="http://www.sap.com/abapxml" version="1.0">
  <asx:values>
   <URL>/sap/bc/webdynpro/sap/I018006/</URL>
   <ICFSERVICE>
    <ICF_NAME>I018006</ICF_NAME>
    <ORIG_NAME>I018006</ORIG_NAME>
    <ICFALTNME>ZZD530_NET310_CTRL</ICFALTNME>
    <ICFALTNME_ORIG>ZZD530_NET310_CTRL</ICFALTNME_ORIG>
   </ICFSERVICE>
   <ICFDOCU>
    <ICF_NAME>I018006</ICF_NAME>
    <ICF_LANGU>E</ICF_LANGU>
    <ICF_DOCU>WD navigation</ICF_DOCU>
   </ICFDOCU>
  </asx:values>
 </asx:abap>
</abapGit>
