﻿<?xml version="1.0" encoding="utf-8"?>
<abapGit version="v1.0.0" serializer="LCL_OBJECT_MSAG" serializer_version="v1.0.0">
 <asx:abap xmlns:asx="http://www.sap.com/abapxml" version="1.0">
  <asx:values>
   <T100A>
    <ARBGB>Z_D530_MSG</ARBGB>
    <MASTERLANG>E</MASTERLANG>
    <STEXT>messge class</STEXT>
   </T100A>
   <T100>
    <T100>
     <SPRSL>E</SPRSL>
     <ARBGB>Z_D530_MSG</ARBGB>
     <MSGNR>000</MSGNR>
     <TEXT>The purchase order &amp;1 not found.</TEXT>
    </T100>
   </T100>
  </asx:values>
 </asx:abap>
</abapGit>
