﻿<?xml version="1.0" encoding="utf-8"?>
<abapGit version="v1.0.0" serializer="LCL_OBJECT_IDOC" serializer_version="v1.0.0">
 <asx:abap xmlns:asx="http://www.sap.com/abapxml" version="1.0">
  <asx:values>
   <IDOC>
    <ATTRIBUTES>
     <DESCRP>Custom IDOC D530</DESCRP>
     <CLOSED>X</CLOSED>
     <RELEASED>750</RELEASED>
     <PRESP>D530</PRESP>
     <PWORK>D530</PWORK>
     <FIRSTTYP>ZINVRPT01</FIRSTTYP>
     <LASTTYP>ZINVRPT01</LASTTYP>
    </ATTRIBUTES>
    <T_SYNTAX>
     <EDI_IAPI02>
      <NR>0001</NR>
      <SEGTYP>ZIVPRH</SEGTYP>
      <PARFLG>X</PARFLG>
      <MUSTFL>X</MUSTFL>
      <OCCMIN>0000000001</OCCMIN>
      <OCCMAX>0000000001</OCCMAX>
      <HLEVEL>01</HLEVEL>
     </EDI_IAPI02>
     <EDI_IAPI02>
      <NR>0002</NR>
      <SEGTYP>ZIVPRD</SEGTYP>
      <PARSEG>ZIVPRH</PARSEG>
      <PARPNO>0001</PARPNO>
      <MUSTFL>X</MUSTFL>
      <OCCMIN>0000000001</OCCMIN>
      <OCCMAX>0000999999</OCCMAX>
      <HLEVEL>02</HLEVEL>
     </EDI_IAPI02>
    </T_SYNTAX>
   </IDOC>
  </asx:values>
 </asx:abap>
</abapGit>
