﻿<?xml version="1.0" encoding="utf-8"?>
<abapGit version="v1.0.0" serializer="LCL_OBJECT_SXCI" serializer_version="v1.0.0">
 <asx:abap xmlns:asx="http://www.sap.com/abapxml" version="1.0">
  <asx:values>
   <SXCI>
    <IMPLEMENTATION_DATA>
     <IMP_NAME>ZME_HOLD_PO</IMP_NAME>
     <TEXT>test</TEXT>
     <IMP_CLASS>ZCL_IM_ME_HOLD_PO</IMP_CLASS>
     <EXIT_NAME>ME_HOLD_PO</EXIT_NAME>
     <INTER_NAME>IF_EX_ME_HOLD_PO</INTER_NAME>
    </IMPLEMENTATION_DATA>
   </SXCI>
  </asx:values>
 </asx:abap>
</abapGit>
