﻿<?xml version="1.0" encoding="utf-8"?>
<abapGit version="v1.0.0" serializer="LCL_OBJECT_IEXT" serializer_version="v1.0.0">
 <asx:abap xmlns:asx="http://www.sap.com/abapxml" version="1.0">
  <asx:values>
   <IEXT>
    <ATTRIBUTES>
     <DESCRP>D530: Extension Orders05</DESCRP>
     <CLOSED>X</CLOSED>
     <RELEASED>750</RELEASED>
     <FIRSTTYP>ZORDRS01</FIRSTTYP>
     <LASTTYP>ZORDRS01</LASTTYP>
     <IDOCTYP>ORDERS05</IDOCTYP>
    </ATTRIBUTES>
    <T_SYNTAX>
     <EDI_IAPI03>
      <REFSEGTYP>E1EDP01</REFSEGTYP>
      <NR>0001</NR>
      <SEGTYP>Z1EDP01</SEGTYP>
      <OCCMIN>0000000001</OCCMIN>
      <OCCMAX>0000000999</OCCMAX>
      <HLEVEL>02</HLEVEL>
     </EDI_IAPI03>
    </T_SYNTAX>
   </IEXT>
  </asx:values>
 </asx:abap>
</abapGit>
