﻿<?xml version="1.0" encoding="utf-8"?>
<abapGit version="v1.0.0" serializer="LCL_OBJECT_WEBI" serializer_version="v1.0.0">
 <asx:abap xmlns:asx="http://www.sap.com/abapxml" version="1.0">
  <asx:values>
   <WEBI>
    <VEPTEXT>Web service</VEPTEXT>
    <PVEPHEADER>
     <VEPHEADER>
      <VEPNAME>ZPRODUCTDESCRIPTION</VEPNAME>
      <VERSION>A</VERSION>
      <VEPNAMEEXT>ZPRODUCTDESCRIPTION</VEPNAMEEXT>
      <DEFAULT_MAPPING>X</DEFAULT_MAPPING>
     </VEPHEADER>
    </PVEPHEADER>
    <PVEPFUNCTION>
     <VEPFUNCTION>
      <VEPNAME>ZPRODUCTDESCRIPTION</VEPNAME>
      <VERSION>A</VERSION>
      <FUNCTION>ZGET_PROD_DESCRIPTION</FUNCTION>
      <MAPPEDNAME>ZgetProdDescription</MAPPEDNAME>
      <IS_EXPOSED>X</IS_EXPOSED>
     </VEPFUNCTION>
    </PVEPFUNCTION>
    <PVEPPARAMETER>
     <VEPPARAMETER>
      <VEPNAME>ZPRODUCTDESCRIPTION</VEPNAME>
      <VERSION>A</VERSION>
      <FUNCTION>ZGET_PROD_DESCRIPTION</FUNCTION>
      <VEPPARAM>IV_PROD_ID</VEPPARAM>
      <VEPPARAMTYPE>I</VEPPARAMTYPE>
      <MAPPEDNAME>IvProdId</MAPPEDNAME>
      <IS_EXPOSED>X</IS_EXPOSED>
      <IS_INITIAL>X</IS_INITIAL>
      <TYPENAME>COMT_PRODUCT_ID</TYPENAME>
     </VEPPARAMETER>
     <VEPPARAMETER>
      <VEPNAME>ZPRODUCTDESCRIPTION</VEPNAME>
      <VERSION>A</VERSION>
      <FUNCTION>ZGET_PROD_DESCRIPTION</FUNCTION>
      <VEPPARAM>RV_TEXT</VEPPARAM>
      <VEPPARAMTYPE>O</VEPPARAMTYPE>
      <MAPPEDNAME>RvText</MAPPEDNAME>
      <IS_EXPOSED>X</IS_EXPOSED>
      <IS_INITIAL>X</IS_INITIAL>
      <TYPENAME>STRING</TYPENAME>
     </VEPPARAMETER>
    </PVEPPARAMETER>
    <PVEPTYPE>
     <VEPTYPE>
      <VEPNAME>ZPRODUCTDESCRIPTION</VEPNAME>
      <VERSION>A</VERSION>
      <TYPENAME>COMT_PRODUCT_ID</TYPENAME>
      <TYPE>E</TYPE>
     </VEPTYPE>
     <VEPTYPE>
      <VEPNAME>ZPRODUCTDESCRIPTION</VEPNAME>
      <VERSION>A</VERSION>
      <TYPENAME>STRING</TYPENAME>
      <TYPE>E</TYPE>
     </VEPTYPE>
    </PVEPTYPE>
    <PVEPELEMTYPE>
     <VEPELEMTYPE>
      <VEPNAME>ZPRODUCTDESCRIPTION</VEPNAME>
      <VERSION>A</VERSION>
      <TYPENAME>STRING</TYPENAME>
      <ABAPTYPE>g</ABAPTYPE>
     </VEPELEMTYPE>
     <VEPELEMTYPE>
      <VEPNAME>ZPRODUCTDESCRIPTION</VEPNAME>
      <VERSION>A</VERSION>
      <TYPENAME>COMT_PRODUCT_ID</TYPENAME>
      <KIND>DTEL</KIND>
      <BUILD_IN_TYPE>CHAR</BUILD_IN_TYPE>
      <LENGTH>40</LENGTH>
      <ABAPTYPE>C</ABAPTYPE>
     </VEPELEMTYPE>
    </PVEPELEMTYPE>
    <PVEPTYPESOAPEXT>
     <VEPTYPESOAPEXT>
      <VEPNAME>ZPRODUCTDESCRIPTION</VEPNAME>
      <VERSION>A</VERSION>
      <TYPENAME>STRING</TYPENAME>
      <NAMESPACE>urn:sap-com:document:sap:rfc:functions</NAMESPACE>
     </VEPTYPESOAPEXT>
     <VEPTYPESOAPEXT>
      <VEPNAME>ZPRODUCTDESCRIPTION</VEPNAME>
      <VERSION>A</VERSION>
      <TYPENAME>COMT_PRODUCT_ID</TYPENAME>
      <NAMESPACE>urn:sap-com:document:sap:rfc:functions</NAMESPACE>
     </VEPTYPESOAPEXT>
    </PVEPTYPESOAPEXT>
    <PVEPFUNCSOAPEXT>
     <VEPFUNCSOAPEXT>
      <VEPNAME>ZPRODUCTDESCRIPTION</VEPNAME>
      <VERSION>A</VERSION>
      <FUNCTION>ZGET_PROD_DESCRIPTION</FUNCTION>
      <NAMESPACE>urn:sap-com:document:sap:soap:functions:mc-style</NAMESPACE>
      <RESPONSENAME>ZgetProdDescriptionResponse</RESPONSENAME>
      <REQUESTNAME>ZgetProdDescription</REQUESTNAME>
     </VEPFUNCSOAPEXT>
    </PVEPFUNCSOAPEXT>
    <PVEPFIELDREF>
     <VEPFIELDREF>
      <VEPNAME>ZPRODUCTDESCRIPTION</VEPNAME>
      <VERSION>A</VERSION>
      <FUNCTION>ZGET_PROD_DESCRIPTION</FUNCTION>
      <VEPPARAM>IV_PROD_ID</VEPPARAM>
      <VEPPARAMTYPE>I</VEPPARAMTYPE>
      <FIELDNAME>IV_PROD_ID</FIELDNAME>
      <SUBSTRUCID>0000000001</SUBSTRUCID>
      <TYPE>E</TYPE>
      <TYPENAME>COMT_PRODUCT_ID</TYPENAME>
     </VEPFIELDREF>
     <VEPFIELDREF>
      <VEPNAME>ZPRODUCTDESCRIPTION</VEPNAME>
      <VERSION>A</VERSION>
      <FUNCTION>ZGET_PROD_DESCRIPTION</FUNCTION>
      <VEPPARAM>RV_TEXT</VEPPARAM>
      <VEPPARAMTYPE>O</VEPPARAMTYPE>
      <FIELDNAME>RV_TEXT</FIELDNAME>
      <SUBSTRUCID>0000000001</SUBSTRUCID>
      <TYPE>E</TYPE>
      <TYPENAME>STRING</TYPENAME>
     </VEPFIELDREF>
    </PVEPFIELDREF>
    <PVEPENDPOINT>
     <VEPENDPOINT>
      <RELID>VI</RELID>
      <VEPNAME>ZPRODUCTDESCRIPTION</VEPNAME>
      <VERSION>A</VERSION>
      <ENDPOINTTYPE>FUNC</ENDPOINTTYPE>
      <DATA_VERSION>1</DATA_VERSION>
      <DEF_START_PT>I</DEF_START_PT>
      <ENDPOINTNAME>ZGET_PROD_DESCRIPTION</ENDPOINTNAME>
      <CLUSTR>120</CLUSTR>
     </VEPENDPOINT>
    </PVEPENDPOINT>
    <PVEPVISOAPEXT>
     <VEPVISOAPEXT>
      <VEPNAME>ZPRODUCTDESCRIPTION</VEPNAME>
      <VERSION>A</VERSION>
      <NAMESPACE>urn:sap-com:document:sap:soap:functions:mc-style</NAMESPACE>
      <SOAP_APPL_URI>urn:sap-com:soap:runtime:application:rfc:710</SOAP_APPL_URI>
     </VEPVISOAPEXT>
    </PVEPVISOAPEXT>
   </WEBI>
  </asx:values>
 </asx:abap>
</abapGit>
