﻿<?xml version="1.0" encoding="utf-8"?>
<abapGit version="v1.0.0" serializer="LCL_OBJECT_ENHO" serializer_version="v1.0.0">
 <asx:abap xmlns:asx="http://www.sap.com/abapxml" version="1.0">
  <asx:values>
   <TOOL>BADI_IMPL</TOOL>
   <SHORTTEXT>BADI Implementation for USA</SHORTTEXT>
   <SPOT_NAME>ZZ_D530_ES_CALCULATE_TAX</SPOT_NAME>
   <IMPL>
    <ENH_BADI_IMPL_DATA>
     <SPOT_NAME>ZZ_D530_ES_CALCULATE_TAX</SPOT_NAME>
     <BADI_NAME>ZZ_D530_BADI_CALC_VAT</BADI_NAME>
     <IMPL_NAME>ZZ_D530_BADI_CALC_VAT_US</IMPL_NAME>
     <IMPL_CLASS>ZCL_D530_CALC_VAT_US</IMPL_CLASS>
     <ACTIVE>X</ACTIVE>
    </ENH_BADI_IMPL_DATA>
   </IMPL>
  </asx:values>
 </asx:abap>
</abapGit>
