﻿<?xml version="1.0" encoding="utf-8"?>
<abapGit version="v1.0.0" serializer="LCL_OBJECT_ENHS" serializer_version="v1.0.0">
 <asx:abap xmlns:asx="http://www.sap.com/abapxml" version="1.0">
  <asx:values>
   <TOOL>BADI_DEF</TOOL>
   <SHORTTEXT>Enh. spot for tax calculation</SHORTTEXT>
   <BADI_DATA>
    <ENH_BADI_DATA>
     <BADI_NAME>ZZ_D530_BADI_CALC_VAT</BADI_NAME>
     <INTERFACE_NAME>ZZ_D530_IF_CALC_VAT</INTERFACE_NAME>
     <SINGLE_USE>X</SINGLE_USE>
     <CONTEXT_MODE>N</CONTEXT_MODE>
     <DEFAULT_CLASS>ZZ_D530_CL_CALC_VAT_FB</DEFAULT_CLASS>
     <BADI_SHORTTEXT>Calculate Vat</BADI_SHORTTEXT>
     <BADI_SHORTTEXT_ID>0050568CF1B11ED8BEAB96D8502240D0</BADI_SHORTTEXT_ID>
     <SAMPLE_IMPLS>
      <CLASSNAME>ZZ_D530_CL_CALC_VAT_FB</CLASSNAME>
     </SAMPLE_IMPLS>
     <USE_FALLBACK_CLASS>X</USE_FALLBACK_CLASS>
    </ENH_BADI_DATA>
   </BADI_DATA>
  </asx:values>
 </asx:abap>
</abapGit>
