﻿<?xml version="1.0" encoding="utf-8"?>
<abapGit version="v1.0.0" serializer="LCL_OBJECT_FUGR" serializer_version="v1.0.0">
 <asx:abap xmlns:asx="http://www.sap.com/abapxml" version="1.0">
  <asx:values>
   <AREAT>FG: IDOC D530</AREAT>
   <INCLUDES>
    <SOBJ_NAME>LZZD530_EDINVRPTOP</SOBJ_NAME>
    <SOBJ_NAME>SAPLZZD530_EDINVRP</SOBJ_NAME>
   </INCLUDES>
   <FUNCTIONS>
    <item>
     <FUNCNAME>ZGET_PROD_DESCRIPTION</FUNCNAME>
     <REMOTE_CALL>R</REMOTE_CALL>
     <SHORT_TEXT>Web service</SHORT_TEXT>
     <IMPORT>
      <RSIMP>
       <PARAMETER>IV_PROD_ID</PARAMETER>
       <TYP>COMM_PRODUCT-PRODUCT_ID</TYP>
      </RSIMP>
     </IMPORT>
     <EXPORT>
      <RSEXP>
       <PARAMETER>RV_TEXT</PARAMETER>
       <TYP>STRING</TYP>
      </RSEXP>
     </EXPORT>
     <DOCUMENTATION>
      <RSFDO>
       <PARAMETER>IV_PROD_ID</PARAMETER>
       <KIND>P</KIND>
       <STEXT>Product ID</STEXT>
       <INDEX> 001</INDEX>
      </RSFDO>
      <RSFDO>
       <PARAMETER>RV_TEXT</PARAMETER>
       <KIND>P</KIND>
       <INDEX> 002</INDEX>
      </RSFDO>
     </DOCUMENTATION>
    </item>
    <item>
     <FUNCNAME>Z_ZD530_IDOC_INPUT_ZINVRPT</FUNCNAME>
     <SHORT_TEXT>IDOC input precessing</SHORT_TEXT>
     <IMPORT>
      <RSIMP>
       <PARAMETER>INPUT_METHOD</PARAMETER>
       <TYP>BDWFAP_PAR-INPUTMETHD</TYP>
      </RSIMP>
      <RSIMP>
       <PARAMETER>MASS_PROCESSING</PARAMETER>
       <TYP>BDWFAP_PAR-MASS_PROC</TYP>
      </RSIMP>
     </IMPORT>
     <EXPORT>
      <RSEXP>
       <PARAMETER>WORKFLOW_RESULT</PARAMETER>
       <REFERENCE>X</REFERENCE>
       <TYP>BDWFAP_PAR-RESULT</TYP>
      </RSEXP>
      <RSEXP>
       <PARAMETER>APPLICATION_VARIABLE</PARAMETER>
       <REFERENCE>X</REFERENCE>
       <TYP>BDWFAP_PAR-APPL_VAR</TYP>
      </RSEXP>
      <RSEXP>
       <PARAMETER>IN_UPDATE_TASK</PARAMETER>
       <REFERENCE>X</REFERENCE>
       <TYP>BDWFAP_PAR-UPDATETASK</TYP>
      </RSEXP>
      <RSEXP>
       <PARAMETER>CALL_TRANSACTION_DONE</PARAMETER>
       <REFERENCE>X</REFERENCE>
       <TYP>BDWFAP_PAR-CALLTRANS</TYP>
      </RSEXP>
     </EXPORT>
     <TABLES>
      <RSTBL>
       <PARAMETER>IDOC_CONTRL</PARAMETER>
       <DBSTRUCT>EDIDC</DBSTRUCT>
      </RSTBL>
      <RSTBL>
       <PARAMETER>IDOC_DATA</PARAMETER>
       <DBSTRUCT>EDIDD</DBSTRUCT>
      </RSTBL>
      <RSTBL>
       <PARAMETER>IDOC_STATUS</PARAMETER>
       <DBSTRUCT>BDIDOCSTAT</DBSTRUCT>
      </RSTBL>
      <RSTBL>
       <PARAMETER>RETURN_VARIABLES</PARAMETER>
       <DBSTRUCT>BDWFRETVAR</DBSTRUCT>
      </RSTBL>
      <RSTBL>
       <PARAMETER>SERIALIZATION_INFO</PARAMETER>
       <DBSTRUCT>BDI_SER</DBSTRUCT>
      </RSTBL>
     </TABLES>
     <DOCUMENTATION>
      <RSFDO>
       <PARAMETER>INPUT_METHOD</PARAMETER>
       <KIND>P</KIND>
       <STEXT>Input Method for Inbound IDoc Function Module</STEXT>
       <INDEX> 001</INDEX>
      </RSFDO>
      <RSFDO>
       <PARAMETER>MASS_PROCESSING</PARAMETER>
       <KIND>P</KIND>
       <STEXT>Flag: Mass processing</STEXT>
       <INDEX> 002</INDEX>
      </RSFDO>
      <RSFDO>
       <PARAMETER>WORKFLOW_RESULT</PARAMETER>
       <KIND>P</KIND>
       <STEXT>Final value of method</STEXT>
       <INDEX> 003</INDEX>
      </RSFDO>
      <RSFDO>
       <PARAMETER>APPLICATION_VARIABLE</PARAMETER>
       <KIND>P</KIND>
       <STEXT>Variable to be used by application as required</STEXT>
       <INDEX> 004</INDEX>
      </RSFDO>
      <RSFDO>
       <PARAMETER>IN_UPDATE_TASK</PARAMETER>
       <KIND>P</KIND>
       <STEXT>Flag: Application has triggered update task</STEXT>
       <INDEX> 005</INDEX>
      </RSFDO>
      <RSFDO>
       <PARAMETER>CALL_TRANSACTION_DONE</PARAMETER>
       <KIND>P</KIND>
       <STEXT>Flag: Application has actually performed call transaction</STEXT>
       <INDEX> 006</INDEX>
      </RSFDO>
      <RSFDO>
       <PARAMETER>IDOC_CONTRL</PARAMETER>
       <KIND>P</KIND>
       <STEXT>Control record (IDoc)</STEXT>
       <INDEX> 007</INDEX>
      </RSFDO>
      <RSFDO>
       <PARAMETER>IDOC_DATA</PARAMETER>
       <KIND>P</KIND>
       <STEXT>Data record (IDoc)</STEXT>
       <INDEX> 008</INDEX>
      </RSFDO>
      <RSFDO>
       <PARAMETER>IDOC_STATUS</PARAMETER>
       <KIND>P</KIND>
       <STEXT>ALE IDoc status (subset of all IDoc status fields)</STEXT>
       <INDEX> 009</INDEX>
      </RSFDO>
      <RSFDO>
       <PARAMETER>RETURN_VARIABLES</PARAMETER>
       <KIND>P</KIND>
       <STEXT>Assignment of IDoc or document no. to method parameter</STEXT>
       <INDEX> 010</INDEX>
      </RSFDO>
      <RSFDO>
       <PARAMETER>SERIALIZATION_INFO</PARAMETER>
       <KIND>P</KIND>
       <STEXT>Serialization objects for one/several IDocs</STEXT>
       <INDEX> 011</INDEX>
      </RSFDO>
     </DOCUMENTATION>
    </item>
   </FUNCTIONS>
  </asx:values>
 </asx:abap>
</abapGit>
