﻿<?xml version="1.0" encoding="utf-8"?>
<abapGit version="v1.0.0" serializer="LCL_OBJECT_TABL" serializer_version="v1.0.0">
 <asx:abap xmlns:asx="http://www.sap.com/abapxml" version="1.0">
  <asx:values>
   <DD02V>
    <TABNAME>ZZD530_EDINVRPT</TABNAME>
    <DDLANGUAGE>E</DDLANGUAGE>
    <TABCLASS>TRANSP</TABCLASS>
    <CLIDEP>X</CLIDEP>
    <DDTEXT>B46 EDI Inventory report interface data</DDTEXT>
    <CONTFLAG>A</CONTFLAG>
   </DD02V>
   <DD09L>
    <TABNAME>ZZD530_EDINVRPT</TABNAME>
    <AS4LOCAL>A</AS4LOCAL>
    <TABKAT>0</TABKAT>
    <TABART>APPL0</TABART>
    <BUFALLOW>N</BUFALLOW>
   </DD09L>
   <DD03P_TABLE>
    <DD03P>
     <TABNAME>ZZD530_EDINVRPT</TABNAME>
     <FIELDNAME>MANDT</FIELDNAME>
     <POSITION>0001</POSITION>
     <KEYFLAG>X</KEYFLAG>
     <ROLLNAME>MANDT</ROLLNAME>
     <ADMINFIELD>0</ADMINFIELD>
     <NOTNULL>X</NOTNULL>
     <COMPTYPE>E</COMPTYPE>
    </DD03P>
    <DD03P>
     <TABNAME>ZZD530_EDINVRPT</TABNAME>
     <FIELDNAME>INVRPTID</FIELDNAME>
     <DDLANGUAGE>E</DDLANGUAGE>
     <POSITION>0002</POSITION>
     <KEYFLAG>X</KEYFLAG>
     <ADMINFIELD>0</ADMINFIELD>
     <INTTYPE>C</INTTYPE>
     <INTLEN>000020</INTLEN>
     <NOTNULL>X</NOTNULL>
     <DATATYPE>CHAR</DATATYPE>
     <LENG>000010</LENG>
     <MASK>  CHAR</MASK>
     <DDTEXT>Inventory report IDnumber</DDTEXT>
    </DD03P>
    <DD03P>
     <TABNAME>ZZD530_EDINVRPT</TABNAME>
     <FIELDNAME>MATNR</FIELDNAME>
     <POSITION>0003</POSITION>
     <KEYFLAG>X</KEYFLAG>
     <ROLLNAME>MATNR</ROLLNAME>
     <ADMINFIELD>0</ADMINFIELD>
     <NOTNULL>X</NOTNULL>
     <SHLPORIGIN>D</SHLPORIGIN>
     <COMPTYPE>E</COMPTYPE>
    </DD03P>
    <DD03P>
     <TABNAME>ZZD530_EDINVRPT</TABNAME>
     <FIELDNAME>WERKS</FIELDNAME>
     <POSITION>0004</POSITION>
     <KEYFLAG>X</KEYFLAG>
     <ROLLNAME>WERKS_D</ROLLNAME>
     <ADMINFIELD>0</ADMINFIELD>
     <NOTNULL>X</NOTNULL>
     <SHLPORIGIN>D</SHLPORIGIN>
     <COMPTYPE>E</COMPTYPE>
    </DD03P>
    <DD03P>
     <TABNAME>ZZD530_EDINVRPT</TABNAME>
     <FIELDNAME>LGORT</FIELDNAME>
     <POSITION>0005</POSITION>
     <ROLLNAME>LGORT_D</ROLLNAME>
     <ADMINFIELD>0</ADMINFIELD>
     <COMPTYPE>E</COMPTYPE>
    </DD03P>
    <DD03P>
     <TABNAME>ZZD530_EDINVRPT</TABNAME>
     <FIELDNAME>MENGE</FIELDNAME>
     <POSITION>0006</POSITION>
     <ROLLNAME>MENGE_D</ROLLNAME>
     <ADMINFIELD>0</ADMINFIELD>
     <REFTABLE>MSEG</REFTABLE>
     <REFFIELD>MEINS</REFFIELD>
     <COMPTYPE>E</COMPTYPE>
    </DD03P>
    <DD03P>
     <TABNAME>ZZD530_EDINVRPT</TABNAME>
     <FIELDNAME>MEINS</FIELDNAME>
     <POSITION>0007</POSITION>
     <ROLLNAME>MEINS</ROLLNAME>
     <ADMINFIELD>0</ADMINFIELD>
     <COMPTYPE>E</COMPTYPE>
    </DD03P>
    <DD03P>
     <TABNAME>ZZD530_EDINVRPT</TABNAME>
     <FIELDNAME>CREDAT</FIELDNAME>
     <DDLANGUAGE>E</DDLANGUAGE>
     <POSITION>0008</POSITION>
     <ADMINFIELD>0</ADMINFIELD>
     <INTTYPE>D</INTTYPE>
     <INTLEN>000016</INTLEN>
     <DATATYPE>DATS</DATATYPE>
     <LENG>000008</LENG>
     <MASK>  DATS</MASK>
     <DDTEXT>Create Date</DDTEXT>
     <SHLPORIGIN>T</SHLPORIGIN>
    </DD03P>
    <DD03P>
     <TABNAME>ZZD530_EDINVRPT</TABNAME>
     <FIELDNAME>CRETIM</FIELDNAME>
     <DDLANGUAGE>E</DDLANGUAGE>
     <POSITION>0009</POSITION>
     <ADMINFIELD>0</ADMINFIELD>
     <INTTYPE>T</INTTYPE>
     <INTLEN>000012</INTLEN>
     <DATATYPE>TIMS</DATATYPE>
     <LENG>000006</LENG>
     <MASK>  TIMS</MASK>
     <DDTEXT>Create Time</DDTEXT>
     <SHLPORIGIN>T</SHLPORIGIN>
    </DD03P>
    <DD03P>
     <TABNAME>ZZD530_EDINVRPT</TABNAME>
     <FIELDNAME>UPDAT</FIELDNAME>
     <DDLANGUAGE>E</DDLANGUAGE>
     <POSITION>0010</POSITION>
     <ADMINFIELD>0</ADMINFIELD>
     <INTTYPE>D</INTTYPE>
     <INTLEN>000016</INTLEN>
     <DATATYPE>DATS</DATATYPE>
     <LENG>000008</LENG>
     <MASK>  DATS</MASK>
     <DDTEXT>Date record last changed</DDTEXT>
     <SHLPORIGIN>T</SHLPORIGIN>
    </DD03P>
    <DD03P>
     <TABNAME>ZZD530_EDINVRPT</TABNAME>
     <FIELDNAME>UPTIM</FIELDNAME>
     <DDLANGUAGE>E</DDLANGUAGE>
     <POSITION>0011</POSITION>
     <ADMINFIELD>0</ADMINFIELD>
     <INTTYPE>T</INTTYPE>
     <INTLEN>000012</INTLEN>
     <DATATYPE>TIMS</DATATYPE>
     <LENG>000006</LENG>
     <MASK>  TIMS</MASK>
     <DDTEXT>Time record last changed</DDTEXT>
     <SHLPORIGIN>T</SHLPORIGIN>
    </DD03P>
   </DD03P_TABLE>
  </asx:values>
 </asx:abap>
</abapGit>
