﻿<?xml version="1.0" encoding="utf-8"?>
<abapGit version="v1.0.0" serializer="LCL_OBJECT_WDYA" serializer_version="v1.0.0">
 <asx:abap xmlns:asx="http://www.sap.com/abapxml" version="1.0">
  <asx:values>
   <APP>
    <APPLICATION_NAME>ZZD530_NET310_COND</APPLICATION_NAME>
    <COMPONENT>ZZD530_NET310_COND</COMPONENT>
    <STARTUP_VIEW>MAIN_WINDOW</STARTUP_VIEW>
    <STARTUP_PLUG>DEFAULT</STARTUP_PLUG>
    <DISPLAY_NAME>ZZD530_NET310_COND</DISPLAY_NAME>
   </APP>
   <PROPERTIES>
    <WDY_APP_PROPERTY>
     <APPLICATION_NAME>ZZD530_NET310_COND</APPLICATION_NAME>
     <NAME>WDPREFERREDRENDERING</NAME>
     <VALUE>STAND_ONLY</VALUE>
    </WDY_APP_PROPERTY>
    <WDY_APP_PROPERTY>
     <APPLICATION_NAME>ZZD530_NET310_COND</APPLICATION_NAME>
     <NAME>WDUIGUIDELINE</NAME>
     <VALUE>FIORI</VALUE>
    </WDY_APP_PROPERTY>
   </PROPERTIES>
  </asx:values>
 </asx:abap>
</abapGit>
