﻿<?xml version="1.0" encoding="utf-8"?>
<abapGit version="v1.0.0" serializer="LCL_OBJECT_TTYP" serializer_version="v1.0.0">
 <asx:abap xmlns:asx="http://www.sap.com/abapxml" version="1.0">
  <asx:values>
   <DD40V>
    <TYPENAME>ZZD530_T_VKORG_RANGE</TYPENAME>
    <DDLANGUAGE>E</DDLANGUAGE>
    <ROWTYPE>ZZD530_S_VKORG_RANGE</ROWTYPE>
    <ROWKIND>S</ROWKIND>
    <DATATYPE>STRU</DATATYPE>
    <ACCESSMODE>T</ACCESSMODE>
    <KEYDEF>D</KEYDEF>
    <KEYKIND>N</KEYKIND>
    <DDTEXT>range table for sales organization</DDTEXT>
    <TTYPKIND>R</TTYPKIND>
    <RANGE_CTYP>VKORG</RANGE_CTYP>
    <CTDATATYPE>CHAR</CTDATATYPE>
    <CTLENG>000004</CTLENG>
   </DD40V>
  </asx:values>
 </asx:abap>
</abapGit>
