﻿<?xml version="1.0" encoding="utf-8"?>
<abapGit version="v1.0.0" serializer="LCL_OBJECT_TABL" serializer_version="v1.0.0">
 <asx:abap xmlns:asx="http://www.sap.com/abapxml" version="1.0">
  <asx:values>
   <DD02V>
    <TABNAME>ZZD530_S_BILL_LIST</TABNAME>
    <DDLANGUAGE>E</DDLANGUAGE>
    <TABCLASS>INTTAB</TABCLASS>
    <DDTEXT>Structure for billing document</DDTEXT>
   </DD02V>
   <DD03P_TABLE>
    <DD03P>
     <TABNAME>ZZD530_S_BILL_LIST</TABNAME>
     <FIELDNAME>VBELN</FIELDNAME>
     <POSITION>0001</POSITION>
     <ROLLNAME>VBELN_VF</ROLLNAME>
     <ADMINFIELD>0</ADMINFIELD>
     <COMPTYPE>E</COMPTYPE>
    </DD03P>
    <DD03P>
     <TABNAME>ZZD530_S_BILL_LIST</TABNAME>
     <FIELDNAME>FKART</FIELDNAME>
     <POSITION>0002</POSITION>
     <ROLLNAME>FKART</ROLLNAME>
     <ADMINFIELD>0</ADMINFIELD>
     <COMPTYPE>E</COMPTYPE>
    </DD03P>
    <DD03P>
     <TABNAME>ZZD530_S_BILL_LIST</TABNAME>
     <FIELDNAME>FKTYP</FIELDNAME>
     <POSITION>0003</POSITION>
     <ROLLNAME>FKTYP</ROLLNAME>
     <ADMINFIELD>0</ADMINFIELD>
     <VALEXI>X</VALEXI>
     <SHLPORIGIN>F</SHLPORIGIN>
     <COMPTYPE>E</COMPTYPE>
    </DD03P>
    <DD03P>
     <TABNAME>ZZD530_S_BILL_LIST</TABNAME>
     <FIELDNAME>VBTYP</FIELDNAME>
     <POSITION>0004</POSITION>
     <ROLLNAME>VBTYP</ROLLNAME>
     <ADMINFIELD>0</ADMINFIELD>
     <VALEXI>X</VALEXI>
     <SHLPORIGIN>F</SHLPORIGIN>
     <COMPTYPE>E</COMPTYPE>
    </DD03P>
    <DD03P>
     <TABNAME>ZZD530_S_BILL_LIST</TABNAME>
     <FIELDNAME>WAERK</FIELDNAME>
     <POSITION>0005</POSITION>
     <ROLLNAME>WAERK</ROLLNAME>
     <ADMINFIELD>0</ADMINFIELD>
     <COMPTYPE>E</COMPTYPE>
    </DD03P>
    <DD03P>
     <TABNAME>ZZD530_S_BILL_LIST</TABNAME>
     <FIELDNAME>VKORG</FIELDNAME>
     <POSITION>0006</POSITION>
     <ROLLNAME>VKORG</ROLLNAME>
     <ADMINFIELD>0</ADMINFIELD>
     <SHLPORIGIN>D</SHLPORIGIN>
     <COMPTYPE>E</COMPTYPE>
    </DD03P>
    <DD03P>
     <TABNAME>ZZD530_S_BILL_LIST</TABNAME>
     <FIELDNAME>VTWEG</FIELDNAME>
     <POSITION>0007</POSITION>
     <ROLLNAME>VTWEG</ROLLNAME>
     <ADMINFIELD>0</ADMINFIELD>
     <SHLPORIGIN>D</SHLPORIGIN>
     <COMPTYPE>E</COMPTYPE>
    </DD03P>
    <DD03P>
     <TABNAME>ZZD530_S_BILL_LIST</TABNAME>
     <FIELDNAME>KALSM</FIELDNAME>
     <POSITION>0008</POSITION>
     <ROLLNAME>KALSMASD</ROLLNAME>
     <ADMINFIELD>0</ADMINFIELD>
     <COMPTYPE>E</COMPTYPE>
    </DD03P>
    <DD03P>
     <TABNAME>ZZD530_S_BILL_LIST</TABNAME>
     <FIELDNAME>KNUMV</FIELDNAME>
     <POSITION>0009</POSITION>
     <ROLLNAME>KNUMV</ROLLNAME>
     <ADMINFIELD>0</ADMINFIELD>
     <COMPTYPE>E</COMPTYPE>
    </DD03P>
    <DD03P>
     <TABNAME>ZZD530_S_BILL_LIST</TABNAME>
     <FIELDNAME>FKDAT</FIELDNAME>
     <POSITION>0010</POSITION>
     <ROLLNAME>FKDAT</ROLLNAME>
     <ADMINFIELD>0</ADMINFIELD>
     <SHLPORIGIN>T</SHLPORIGIN>
     <COMPTYPE>E</COMPTYPE>
    </DD03P>
   </DD03P_TABLE>
  </asx:values>
 </asx:abap>
</abapGit>
