﻿<?xml version="1.0" encoding="utf-8"?>
<abapGit version="v1.0.0" serializer="LCL_OBJECT_WDYN" serializer_version="v1.0.0">
 <asx:abap xmlns:asx="http://www.sap.com/abapxml" version="1.0">
  <asx:values>
   <COMPONENT>
    <COMP_METADATA>
     <DEFINITION>
      <COMPONENT_NAME>ZZD530_NET310_CTRL</COMPONENT_NAME>
      <VERSION>A</VERSION>
      <CMP_CONTROLLER>COMPONENTCONTROLLER</CMP_CONTROLLER>
      <CMP_INTERFACE>COMPONENTINTERFACE</CMP_INTERFACE>
      <DISPLAY_NAME>ZZD530_NET310_CTRL</DISPLAY_NAME>
     </DEFINITION>
     <DESCRIPTIONS>
      <WDY_COMPONENTT>
       <COMPONENT_NAME>ZZD530_NET310_CTRL</COMPONENT_NAME>
       <LANGU>E</LANGU>
       <DESCRIPTION>WD Component</DESCRIPTION>
      </WDY_COMPONENTT>
     </DESCRIPTIONS>
    </COMP_METADATA>
    <VIEW_METADATA>
     <WDY_MD_VIEW_META_DATA>
      <DEFINITION>
       <COMPONENT_NAME>ZZD530_NET310_CTRL</COMPONENT_NAME>
       <VIEW_NAME>EMPTYVIEW</VIEW_NAME>
       <VERSION>A</VERSION>
       <TYPE>CL_WDY_MD_EMPTY_VIEW</TYPE>
       <VIEW_CONTROLLER>EMPTYVIEW</VIEW_CONTROLLER>
       <DISPLAY_NAME>EMPTYVIEW</DISPLAY_NAME>
      </DEFINITION>
      <IOBOUND_PLUGS>
       <WDY_IOBOUND_PLUG>
        <COMPONENT_NAME>ZZD530_NET310_CTRL</COMPONENT_NAME>
        <VIEW_NAME>EMPTYVIEW</VIEW_NAME>
        <PLUG_NAME>SHOWEMPTYVIEW</PLUG_NAME>
        <VERSION>A</VERSION>
        <PLUG_TYPE>CL_WDY_MD_INBOUND_PLUG</PLUG_TYPE>
        <DISPLAY_NAME>SHOWEMPTYVIEW</DISPLAY_NAME>
       </WDY_IOBOUND_PLUG>
      </IOBOUND_PLUGS>
     </WDY_MD_VIEW_META_DATA>
     <WDY_MD_VIEW_META_DATA>
      <DEFINITION>
       <COMPONENT_NAME>ZZD530_NET310_CTRL</COMPONENT_NAME>
       <VIEW_NAME>INPUT_VIEW</VIEW_NAME>
       <VERSION>A</VERSION>
       <TYPE>CL_WDY_MD_VIEW</TYPE>
       <VIEW_CONTROLLER>INPUT_VIEW</VIEW_CONTROLLER>
       <ROOT_UI_CONT>ROOTUIELEMENTCONTAINER</ROOT_UI_CONT>
       <DISPLAY_NAME>INPUT_VIEW</DISPLAY_NAME>
      </DEFINITION>
      <IOBOUND_PLUGS>
       <WDY_IOBOUND_PLUG>
        <COMPONENT_NAME>ZZD530_NET310_CTRL</COMPONENT_NAME>
        <VIEW_NAME>INPUT_VIEW</VIEW_NAME>
        <PLUG_NAME>IN_DEFAULT</PLUG_NAME>
        <VERSION>A</VERSION>
        <PLUG_TYPE>CL_WDY_MD_INBOUND_PLUG</PLUG_TYPE>
        <DISPLAY_NAME>IN_DEFAULT</DISPLAY_NAME>
       </WDY_IOBOUND_PLUG>
       <WDY_IOBOUND_PLUG>
        <COMPONENT_NAME>ZZD530_NET310_CTRL</COMPONENT_NAME>
        <VIEW_NAME>INPUT_VIEW</VIEW_NAME>
        <PLUG_NAME>OUT_DETAILS</PLUG_NAME>
        <VERSION>A</VERSION>
        <PLUG_TYPE>CL_WDY_MD_OUTBOUND_PLUG</PLUG_TYPE>
        <DISPLAY_NAME>OUT_DETAILS</DISPLAY_NAME>
       </WDY_IOBOUND_PLUG>
      </IOBOUND_PLUGS>
      <IOBOUND_PLUG_TEXTS>
       <WDY_IOBOUND_PLGT>
        <COMPONENT_NAME>ZZD530_NET310_CTRL</COMPONENT_NAME>
        <VIEW_NAME>INPUT_VIEW</VIEW_NAME>
        <PLUG_NAME>IN_DEFAULT</PLUG_NAME>
        <LANGU>E</LANGU>
        <DESCRIPTION>inward</DESCRIPTION>
       </WDY_IOBOUND_PLGT>
       <WDY_IOBOUND_PLGT>
        <COMPONENT_NAME>ZZD530_NET310_CTRL</COMPONENT_NAME>
        <VIEW_NAME>INPUT_VIEW</VIEW_NAME>
        <PLUG_NAME>OUT_DETAILS</PLUG_NAME>
        <LANGU>E</LANGU>
        <DESCRIPTION>outward</DESCRIPTION>
       </WDY_IOBOUND_PLGT>
      </IOBOUND_PLUG_TEXTS>
      <UI_ELEMENTS>
       <WDY_UI_ELEMENT>
        <COMPONENT_NAME>ZZD530_NET310_CTRL</COMPONENT_NAME>
        <VIEW_NAME>INPUT_VIEW</VIEW_NAME>
        <ELEMENT_NAME>ROOTUIELEMENTCONTAINER</ELEMENT_NAME>
        <VERSION>A</VERSION>
        <UI_ELEMENT_TYPE>CL_WDY_MD_TRANSP_CONTAINER</UI_ELEMENT_TYPE>
        <DISPLAY_NAME>ROOTUIELEMENTCONTAINER</DISPLAY_NAME>
        <UI_ELEM_DEF_LIB>STANDARD</UI_ELEM_DEF_LIB>
        <UI_ELEMENT_DEF>TRANSPARENT_CONTAINER</UI_ELEMENT_DEF>
       </WDY_UI_ELEMENT>
       <WDY_UI_ELEMENT>
        <COMPONENT_NAME>ZZD530_NET310_CTRL</COMPONENT_NAME>
        <VIEW_NAME>INPUT_VIEW</VIEW_NAME>
        <ELEMENT_NAME>ROOTUIELEMENTCONTAINER_LAYOUT</ELEMENT_NAME>
        <VERSION>A</VERSION>
        <ELEMENT_POSITION>1</ELEMENT_POSITION>
        <UI_ELEMENT_TYPE>CL_WDY_MD_FLOW_LAYOUT</UI_ELEMENT_TYPE>
        <DISPLAY_NAME>ROOTUIELEMENTCONTAINER_LAYOUT</DISPLAY_NAME>
        <UI_ELEM_DEF_LIB>STANDARD</UI_ELEM_DEF_LIB>
        <UI_ELEMENT_DEF>FLOW_LAYOUT</UI_ELEMENT_DEF>
        <PARENT_NAME>ROOTUIELEMENTCONTAINER</PARENT_NAME>
        <AGGREGATION_NAME>LAYOUT</AGGREGATION_NAME>
       </WDY_UI_ELEMENT>
       <WDY_UI_ELEMENT>
        <COMPONENT_NAME>ZZD530_NET310_CTRL</COMPONENT_NAME>
        <VIEW_NAME>INPUT_VIEW</VIEW_NAME>
        <ELEMENT_NAME>BUT_DETAILS</ELEMENT_NAME>
        <VERSION>A</VERSION>
        <ELEMENT_POSITION>1</ELEMENT_POSITION>
        <UI_ELEMENT_TYPE>CL_WDY_MD_BUTTON</UI_ELEMENT_TYPE>
        <DISPLAY_NAME>BUT_DETAILS</DISPLAY_NAME>
        <UI_ELEM_DEF_LIB>STANDARD</UI_ELEM_DEF_LIB>
        <UI_ELEMENT_DEF>BUTTON</UI_ELEMENT_DEF>
        <PARENT_NAME>ROOTUIELEMENTCONTAINER</PARENT_NAME>
        <AGGREGATION_NAME>CHILDREN</AGGREGATION_NAME>
       </WDY_UI_ELEMENT>
       <WDY_UI_ELEMENT>
        <COMPONENT_NAME>ZZD530_NET310_CTRL</COMPONENT_NAME>
        <VIEW_NAME>INPUT_VIEW</VIEW_NAME>
        <ELEMENT_NAME>BUT_DETAILS_LD</ELEMENT_NAME>
        <VERSION>A</VERSION>
        <ELEMENT_POSITION>1</ELEMENT_POSITION>
        <UI_ELEMENT_TYPE>CL_WDY_MD_FLOW_DATA</UI_ELEMENT_TYPE>
        <DISPLAY_NAME>BUT_DETAILS_LD</DISPLAY_NAME>
        <UI_ELEM_DEF_LIB>STANDARD</UI_ELEM_DEF_LIB>
        <UI_ELEMENT_DEF>FLOW_DATA</UI_ELEMENT_DEF>
        <PARENT_NAME>BUT_DETAILS</PARENT_NAME>
        <AGGREGATION_NAME>LAYOUT_DATA</AGGREGATION_NAME>
       </WDY_UI_ELEMENT>
      </UI_ELEMENTS>
      <UI_EVENT_BINDINGS>
       <WDY_UI_EVT_BIND>
        <COMPONENT_NAME>ZZD530_NET310_CTRL</COMPONENT_NAME>
        <VIEW_NAME>INPUT_VIEW</VIEW_NAME>
        <ELEMENT_NAME>BUT_DETAILS</ELEMENT_NAME>
        <BINDING_NAME>ON_ACTION</BINDING_NAME>
        <VERSION>A</VERSION>
        <UI_ELEM_EVENT>ON_ACTION</UI_ELEM_EVENT>
        <BOUND_ACTION>DISPLAY_DETAIL</BOUND_ACTION>
       </WDY_UI_EVT_BIND>
      </UI_EVENT_BINDINGS>
      <UI_PROPERTIES>
       <WDY_UI_PROPERTY>
        <COMPONENT_NAME>ZZD530_NET310_CTRL</COMPONENT_NAME>
        <VIEW_NAME>INPUT_VIEW</VIEW_NAME>
        <ELEMENT_NAME>BUT_DETAILS</ELEMENT_NAME>
        <VERSION>A</VERSION>
        <PROPERTY_NAME>CONTEXT_MENU_BEHAVIOUR</PROPERTY_NAME>
        <PROPERTY_VALUE>00</PROPERTY_VALUE>
       </WDY_UI_PROPERTY>
       <WDY_UI_PROPERTY>
        <COMPONENT_NAME>ZZD530_NET310_CTRL</COMPONENT_NAME>
        <VIEW_NAME>INPUT_VIEW</VIEW_NAME>
        <ELEMENT_NAME>BUT_DETAILS</ELEMENT_NAME>
        <VERSION>A</VERSION>
        <PROPERTY_NAME>DESIGN</PROPERTY_NAME>
        <PROPERTY_VALUE>00</PROPERTY_VALUE>
       </WDY_UI_PROPERTY>
       <WDY_UI_PROPERTY>
        <COMPONENT_NAME>ZZD530_NET310_CTRL</COMPONENT_NAME>
        <VIEW_NAME>INPUT_VIEW</VIEW_NAME>
        <ELEMENT_NAME>BUT_DETAILS</ELEMENT_NAME>
        <VERSION>A</VERSION>
        <PROPERTY_NAME>ENABLED</PROPERTY_NAME>
        <PROPERTY_VALUE>X</PROPERTY_VALUE>
       </WDY_UI_PROPERTY>
       <WDY_UI_PROPERTY>
        <COMPONENT_NAME>ZZD530_NET310_CTRL</COMPONENT_NAME>
        <VIEW_NAME>INPUT_VIEW</VIEW_NAME>
        <ELEMENT_NAME>BUT_DETAILS</ELEMENT_NAME>
        <VERSION>A</VERSION>
        <PROPERTY_NAME>HOTKEY</PROPERTY_NAME>
        <PROPERTY_VALUE>00</PROPERTY_VALUE>
       </WDY_UI_PROPERTY>
       <WDY_UI_PROPERTY>
        <COMPONENT_NAME>ZZD530_NET310_CTRL</COMPONENT_NAME>
        <VIEW_NAME>INPUT_VIEW</VIEW_NAME>
        <ELEMENT_NAME>BUT_DETAILS</ELEMENT_NAME>
        <VERSION>A</VERSION>
        <PROPERTY_NAME>IMAGE_FIRST</PROPERTY_NAME>
        <PROPERTY_VALUE>X</PROPERTY_VALUE>
       </WDY_UI_PROPERTY>
       <WDY_UI_PROPERTY>
        <COMPONENT_NAME>ZZD530_NET310_CTRL</COMPONENT_NAME>
        <VIEW_NAME>INPUT_VIEW</VIEW_NAME>
        <ELEMENT_NAME>BUT_DETAILS</ELEMENT_NAME>
        <VERSION>A</VERSION>
        <PROPERTY_NAME>TEXT</PROPERTY_NAME>
        <PROPERTY_VALUE>0050568CF1B11ED99D93FF7B20DF80D9</PROPERTY_VALUE>
       </WDY_UI_PROPERTY>
       <WDY_UI_PROPERTY>
        <COMPONENT_NAME>ZZD530_NET310_CTRL</COMPONENT_NAME>
        <VIEW_NAME>INPUT_VIEW</VIEW_NAME>
        <ELEMENT_NAME>BUT_DETAILS</ELEMENT_NAME>
        <VERSION>A</VERSION>
        <PROPERTY_NAME>TEXT_DIRECTION</PROPERTY_NAME>
        <PROPERTY_VALUE>02</PROPERTY_VALUE>
       </WDY_UI_PROPERTY>
       <WDY_UI_PROPERTY>
        <COMPONENT_NAME>ZZD530_NET310_CTRL</COMPONENT_NAME>
        <VIEW_NAME>INPUT_VIEW</VIEW_NAME>
        <ELEMENT_NAME>BUT_DETAILS</ELEMENT_NAME>
        <VERSION>A</VERSION>
        <PROPERTY_NAME>VISIBLE</PROPERTY_NAME>
        <PROPERTY_VALUE>02</PROPERTY_VALUE>
       </WDY_UI_PROPERTY>
       <WDY_UI_PROPERTY>
        <COMPONENT_NAME>ZZD530_NET310_CTRL</COMPONENT_NAME>
        <VIEW_NAME>INPUT_VIEW</VIEW_NAME>
        <ELEMENT_NAME>BUT_DETAILS_LD</ELEMENT_NAME>
        <VERSION>A</VERSION>
        <PROPERTY_NAME>CELL_DESIGN</PROPERTY_NAME>
        <PROPERTY_VALUE>04</PROPERTY_VALUE>
       </WDY_UI_PROPERTY>
       <WDY_UI_PROPERTY>
        <COMPONENT_NAME>ZZD530_NET310_CTRL</COMPONENT_NAME>
        <VIEW_NAME>INPUT_VIEW</VIEW_NAME>
        <ELEMENT_NAME>BUT_DETAILS_LD</ELEMENT_NAME>
        <VERSION>A</VERSION>
        <PROPERTY_NAME>V_GUTTER</PROPERTY_NAME>
        <PROPERTY_VALUE>00</PROPERTY_VALUE>
       </WDY_UI_PROPERTY>
       <WDY_UI_PROPERTY>
        <COMPONENT_NAME>ZZD530_NET310_CTRL</COMPONENT_NAME>
        <VIEW_NAME>INPUT_VIEW</VIEW_NAME>
        <ELEMENT_NAME>ROOTUIELEMENTCONTAINER</ELEMENT_NAME>
        <VERSION>A</VERSION>
        <PROPERTY_NAME>ARIA_LANDMARK</PROPERTY_NAME>
        <PROPERTY_VALUE>10</PROPERTY_VALUE>
       </WDY_UI_PROPERTY>
       <WDY_UI_PROPERTY>
        <COMPONENT_NAME>ZZD530_NET310_CTRL</COMPONENT_NAME>
        <VIEW_NAME>INPUT_VIEW</VIEW_NAME>
        <ELEMENT_NAME>ROOTUIELEMENTCONTAINER</ELEMENT_NAME>
        <VERSION>A</VERSION>
        <PROPERTY_NAME>CONTEXT_MENU_BEHAVIOUR</PROPERTY_NAME>
        <PROPERTY_VALUE>00</PROPERTY_VALUE>
       </WDY_UI_PROPERTY>
       <WDY_UI_PROPERTY>
        <COMPONENT_NAME>ZZD530_NET310_CTRL</COMPONENT_NAME>
        <VIEW_NAME>INPUT_VIEW</VIEW_NAME>
        <ELEMENT_NAME>ROOTUIELEMENTCONTAINER</ELEMENT_NAME>
        <VERSION>A</VERSION>
        <PROPERTY_NAME>ENABLED</PROPERTY_NAME>
        <PROPERTY_VALUE>X</PROPERTY_VALUE>
       </WDY_UI_PROPERTY>
       <WDY_UI_PROPERTY>
        <COMPONENT_NAME>ZZD530_NET310_CTRL</COMPONENT_NAME>
        <VIEW_NAME>INPUT_VIEW</VIEW_NAME>
        <ELEMENT_NAME>ROOTUIELEMENTCONTAINER</ELEMENT_NAME>
        <VERSION>A</VERSION>
        <PROPERTY_NAME>IS_LAYOUT_CONTAINER</PROPERTY_NAME>
        <PROPERTY_VALUE>X</PROPERTY_VALUE>
       </WDY_UI_PROPERTY>
       <WDY_UI_PROPERTY>
        <COMPONENT_NAME>ZZD530_NET310_CTRL</COMPONENT_NAME>
        <VIEW_NAME>INPUT_VIEW</VIEW_NAME>
        <ELEMENT_NAME>ROOTUIELEMENTCONTAINER</ELEMENT_NAME>
        <VERSION>A</VERSION>
        <PROPERTY_NAME>SCROLLING_MODE</PROPERTY_NAME>
        <PROPERTY_VALUE>02</PROPERTY_VALUE>
       </WDY_UI_PROPERTY>
       <WDY_UI_PROPERTY>
        <COMPONENT_NAME>ZZD530_NET310_CTRL</COMPONENT_NAME>
        <VIEW_NAME>INPUT_VIEW</VIEW_NAME>
        <ELEMENT_NAME>ROOTUIELEMENTCONTAINER</ELEMENT_NAME>
        <VERSION>A</VERSION>
        <PROPERTY_NAME>SCROLL_LEFT</PROPERTY_NAME>
        <PROPERTY_VALUE>0</PROPERTY_VALUE>
       </WDY_UI_PROPERTY>
       <WDY_UI_PROPERTY>
        <COMPONENT_NAME>ZZD530_NET310_CTRL</COMPONENT_NAME>
        <VIEW_NAME>INPUT_VIEW</VIEW_NAME>
        <ELEMENT_NAME>ROOTUIELEMENTCONTAINER</ELEMENT_NAME>
        <VERSION>A</VERSION>
        <PROPERTY_NAME>SCROLL_TOP</PROPERTY_NAME>
        <PROPERTY_VALUE>0</PROPERTY_VALUE>
       </WDY_UI_PROPERTY>
       <WDY_UI_PROPERTY>
        <COMPONENT_NAME>ZZD530_NET310_CTRL</COMPONENT_NAME>
        <VIEW_NAME>INPUT_VIEW</VIEW_NAME>
        <ELEMENT_NAME>ROOTUIELEMENTCONTAINER</ELEMENT_NAME>
        <VERSION>A</VERSION>
        <PROPERTY_NAME>VISIBLE</PROPERTY_NAME>
        <PROPERTY_VALUE>02</PROPERTY_VALUE>
       </WDY_UI_PROPERTY>
       <WDY_UI_PROPERTY>
        <COMPONENT_NAME>ZZD530_NET310_CTRL</COMPONENT_NAME>
        <VIEW_NAME>INPUT_VIEW</VIEW_NAME>
        <ELEMENT_NAME>ROOTUIELEMENTCONTAINER_LAYOUT</ELEMENT_NAME>
        <VERSION>A</VERSION>
        <PROPERTY_NAME>WRAPPING</PROPERTY_NAME>
        <PROPERTY_VALUE>X</PROPERTY_VALUE>
       </WDY_UI_PROPERTY>
      </UI_PROPERTIES>
     </WDY_MD_VIEW_META_DATA>
     <WDY_MD_VIEW_META_DATA>
      <DEFINITION>
       <COMPONENT_NAME>ZZD530_NET310_CTRL</COMPONENT_NAME>
       <VIEW_NAME>MAIN_WINDOW</VIEW_NAME>
       <VERSION>A</VERSION>
       <TYPE>CL_WDY_MD_WINDOW</TYPE>
       <VIEW_CONTROLLER>MAIN_WINDOW</VIEW_CONTROLLER>
       <DISPLAY_NAME>MAIN_WINDOW</DISPLAY_NAME>
       <DEF_ROOT_NODE>INPUT_VIEW_USAGE_1</DEF_ROOT_NODE>
      </DEFINITION>
      <IOBOUND_PLUGS>
       <WDY_IOBOUND_PLUG>
        <COMPONENT_NAME>ZZD530_NET310_CTRL</COMPONENT_NAME>
        <VIEW_NAME>MAIN_WINDOW</VIEW_NAME>
        <PLUG_NAME>DEFAULT</PLUG_NAME>
        <VERSION>A</VERSION>
        <PLUG_TYPE>CL_WDY_MD_INBOUND_PLUG</PLUG_TYPE>
        <IN_PLUG_TYPE>1</IN_PLUG_TYPE>
        <DISPLAY_NAME>DEFAULT</DISPLAY_NAME>
        <IS_INTF_ITEM>X</IS_INTF_ITEM>
       </WDY_IOBOUND_PLUG>
      </IOBOUND_PLUGS>
      <NAVIGATION_LINKS>
       <WDY_NAV_LINK>
        <COMPONENT_NAME>ZZD530_NET310_CTRL</COMPONENT_NAME>
        <WINDOW_NAME>MAIN_WINDOW</WINDOW_NAME>
        <NAV_LINK_NAME>OUT_DETAILS_NLINK_1</NAV_LINK_NAME>
        <VERSION>A</VERSION>
        <SOURCE_PLUG_VIEW>INPUT_VIEW</SOURCE_PLUG_VIEW>
        <SOURCE_PLUG_NAME>OUT_DETAILS</SOURCE_PLUG_NAME>
        <SOURCE_VUSE_NAME>INPUT_VIEW_USAGE_1</SOURCE_VUSE_NAME>
       </WDY_NAV_LINK>
       <WDY_NAV_LINK>
        <COMPONENT_NAME>ZZD530_NET310_CTRL</COMPONENT_NAME>
        <WINDOW_NAME>MAIN_WINDOW</WINDOW_NAME>
        <NAV_LINK_NAME>OUT_BACK_NLINK_3</NAV_LINK_NAME>
        <VERSION>A</VERSION>
        <SOURCE_PLUG_VIEW>OUTPUT_VIEW</SOURCE_PLUG_VIEW>
        <SOURCE_PLUG_NAME>OUT_BACK</SOURCE_PLUG_NAME>
        <SOURCE_VUSE_NAME>OUTPUT_VIEW_USAGE_1</SOURCE_VUSE_NAME>
       </WDY_NAV_LINK>
      </NAVIGATION_LINKS>
      <NAVIGATION_TARGET_REFS>
       <WDY_NAV_TARGREF>
        <COMPONENT_NAME>ZZD530_NET310_CTRL</COMPONENT_NAME>
        <WINDOW_NAME>MAIN_WINDOW</WINDOW_NAME>
        <NAV_LINK_NAME>OUT_DETAILS_NLINK_1</NAV_LINK_NAME>
        <NAV_TARGREF_NAME>OUT_DETAILS_TREF_2</NAV_TARGREF_NAME>
        <VERSION>A</VERSION>
        <TARGET_PLUG_VIEW>OUTPUT_VIEW</TARGET_PLUG_VIEW>
        <TARGET_PLUG_NAME>IN_DEFAULT</TARGET_PLUG_NAME>
        <TARGET_VUSE_NAME>OUTPUT_VIEW_USAGE_1</TARGET_VUSE_NAME>
       </WDY_NAV_TARGREF>
       <WDY_NAV_TARGREF>
        <COMPONENT_NAME>ZZD530_NET310_CTRL</COMPONENT_NAME>
        <WINDOW_NAME>MAIN_WINDOW</WINDOW_NAME>
        <NAV_LINK_NAME>OUT_BACK_NLINK_3</NAV_LINK_NAME>
        <NAV_TARGREF_NAME>OUT_BACK_TREF_4</NAV_TARGREF_NAME>
        <VERSION>A</VERSION>
        <TARGET_PLUG_VIEW>INPUT_VIEW</TARGET_PLUG_VIEW>
        <TARGET_PLUG_NAME>IN_DEFAULT</TARGET_PLUG_NAME>
        <TARGET_VUSE_NAME>INPUT_VIEW_USAGE_1</TARGET_VUSE_NAME>
       </WDY_NAV_TARGREF>
      </NAVIGATION_TARGET_REFS>
      <VSH_NODES>
       <WDY_VSH_NODE>
        <COMPONENT_NAME>ZZD530_NET310_CTRL</COMPONENT_NAME>
        <WINDOW_NAME>MAIN_WINDOW</WINDOW_NAME>
        <VSH_NODE_NAME>OUTPUT_VIEW_USAGE_1</VSH_NODE_NAME>
        <VERSION>A</VERSION>
        <VSH_NODE_TYPE>CL_WDY_MD_VIEW_USAGE</VSH_NODE_TYPE>
        <USED_VIEW>OUTPUT_VIEW</USED_VIEW>
        <DISPLAY_NAME>OUTPUT_VIEW_USAGE_1</DISPLAY_NAME>
       </WDY_VSH_NODE>
       <WDY_VSH_NODE>
        <COMPONENT_NAME>ZZD530_NET310_CTRL</COMPONENT_NAME>
        <WINDOW_NAME>MAIN_WINDOW</WINDOW_NAME>
        <VSH_NODE_NAME>INPUT_VIEW_USAGE_1</VSH_NODE_NAME>
        <VERSION>A</VERSION>
        <VSH_NODE_TYPE>CL_WDY_MD_VIEW_USAGE</VSH_NODE_TYPE>
        <USED_VIEW>INPUT_VIEW</USED_VIEW>
        <DISPLAY_NAME>INPUT_VIEW_USAGE_1</DISPLAY_NAME>
       </WDY_VSH_NODE>
      </VSH_NODES>
     </WDY_MD_VIEW_META_DATA>
     <WDY_MD_VIEW_META_DATA>
      <DEFINITION>
       <COMPONENT_NAME>ZZD530_NET310_CTRL</COMPONENT_NAME>
       <VIEW_NAME>OUTPUT_VIEW</VIEW_NAME>
       <VERSION>A</VERSION>
       <TYPE>CL_WDY_MD_VIEW</TYPE>
       <VIEW_CONTROLLER>OUTPUT_VIEW</VIEW_CONTROLLER>
       <ROOT_UI_CONT>ROOTUIELEMENTCONTAINER</ROOT_UI_CONT>
       <DISPLAY_NAME>OUTPUT_VIEW</DISPLAY_NAME>
      </DEFINITION>
      <DESCRIPTIONS>
       <WDY_VIEWT>
        <COMPONENT_NAME>ZZD530_NET310_CTRL</COMPONENT_NAME>
        <VIEW_NAME>OUTPUT_VIEW</VIEW_NAME>
        <LANGU>E</LANGU>
        <DESCRIPTION>output view</DESCRIPTION>
       </WDY_VIEWT>
      </DESCRIPTIONS>
      <IOBOUND_PLUGS>
       <WDY_IOBOUND_PLUG>
        <COMPONENT_NAME>ZZD530_NET310_CTRL</COMPONENT_NAME>
        <VIEW_NAME>OUTPUT_VIEW</VIEW_NAME>
        <PLUG_NAME>IN_DEFAULT</PLUG_NAME>
        <VERSION>A</VERSION>
        <PLUG_TYPE>CL_WDY_MD_INBOUND_PLUG</PLUG_TYPE>
        <DISPLAY_NAME>IN_DEFAULT</DISPLAY_NAME>
       </WDY_IOBOUND_PLUG>
       <WDY_IOBOUND_PLUG>
        <COMPONENT_NAME>ZZD530_NET310_CTRL</COMPONENT_NAME>
        <VIEW_NAME>OUTPUT_VIEW</VIEW_NAME>
        <PLUG_NAME>OUT_BACK</PLUG_NAME>
        <VERSION>A</VERSION>
        <PLUG_TYPE>CL_WDY_MD_OUTBOUND_PLUG</PLUG_TYPE>
        <DISPLAY_NAME>OUT_BACK</DISPLAY_NAME>
       </WDY_IOBOUND_PLUG>
      </IOBOUND_PLUGS>
      <IOBOUND_PLUG_TEXTS>
       <WDY_IOBOUND_PLGT>
        <COMPONENT_NAME>ZZD530_NET310_CTRL</COMPONENT_NAME>
        <VIEW_NAME>OUTPUT_VIEW</VIEW_NAME>
        <PLUG_NAME>IN_DEFAULT</PLUG_NAME>
        <LANGU>E</LANGU>
        <DESCRIPTION>plug for input view</DESCRIPTION>
       </WDY_IOBOUND_PLGT>
       <WDY_IOBOUND_PLGT>
        <COMPONENT_NAME>ZZD530_NET310_CTRL</COMPONENT_NAME>
        <VIEW_NAME>OUTPUT_VIEW</VIEW_NAME>
        <PLUG_NAME>OUT_BACK</PLUG_NAME>
        <LANGU>E</LANGU>
        <DESCRIPTION>to input view</DESCRIPTION>
       </WDY_IOBOUND_PLGT>
      </IOBOUND_PLUG_TEXTS>
      <UI_ELEMENTS>
       <WDY_UI_ELEMENT>
        <COMPONENT_NAME>ZZD530_NET310_CTRL</COMPONENT_NAME>
        <VIEW_NAME>OUTPUT_VIEW</VIEW_NAME>
        <ELEMENT_NAME>ROOTUIELEMENTCONTAINER</ELEMENT_NAME>
        <VERSION>A</VERSION>
        <UI_ELEMENT_TYPE>CL_WDY_MD_TRANSP_CONTAINER</UI_ELEMENT_TYPE>
        <DISPLAY_NAME>ROOTUIELEMENTCONTAINER</DISPLAY_NAME>
        <UI_ELEM_DEF_LIB>STANDARD</UI_ELEM_DEF_LIB>
        <UI_ELEMENT_DEF>TRANSPARENT_CONTAINER</UI_ELEMENT_DEF>
       </WDY_UI_ELEMENT>
       <WDY_UI_ELEMENT>
        <COMPONENT_NAME>ZZD530_NET310_CTRL</COMPONENT_NAME>
        <VIEW_NAME>OUTPUT_VIEW</VIEW_NAME>
        <ELEMENT_NAME>ROOTUIELEMENTCONTAINER_LAYOUT</ELEMENT_NAME>
        <VERSION>A</VERSION>
        <ELEMENT_POSITION>1</ELEMENT_POSITION>
        <UI_ELEMENT_TYPE>CL_WDY_MD_FLOW_LAYOUT</UI_ELEMENT_TYPE>
        <DISPLAY_NAME>ROOTUIELEMENTCONTAINER_LAYOUT</DISPLAY_NAME>
        <UI_ELEM_DEF_LIB>STANDARD</UI_ELEM_DEF_LIB>
        <UI_ELEMENT_DEF>FLOW_LAYOUT</UI_ELEMENT_DEF>
        <PARENT_NAME>ROOTUIELEMENTCONTAINER</PARENT_NAME>
        <AGGREGATION_NAME>LAYOUT</AGGREGATION_NAME>
       </WDY_UI_ELEMENT>
       <WDY_UI_ELEMENT>
        <COMPONENT_NAME>ZZD530_NET310_CTRL</COMPONENT_NAME>
        <VIEW_NAME>OUTPUT_VIEW</VIEW_NAME>
        <ELEMENT_NAME>BUT_BACK</ELEMENT_NAME>
        <VERSION>A</VERSION>
        <ELEMENT_POSITION>1</ELEMENT_POSITION>
        <UI_ELEMENT_TYPE>CL_WDY_MD_BUTTON</UI_ELEMENT_TYPE>
        <DISPLAY_NAME>BUT_BACK</DISPLAY_NAME>
        <UI_ELEM_DEF_LIB>STANDARD</UI_ELEM_DEF_LIB>
        <UI_ELEMENT_DEF>BUTTON</UI_ELEMENT_DEF>
        <PARENT_NAME>ROOTUIELEMENTCONTAINER</PARENT_NAME>
        <AGGREGATION_NAME>CHILDREN</AGGREGATION_NAME>
       </WDY_UI_ELEMENT>
       <WDY_UI_ELEMENT>
        <COMPONENT_NAME>ZZD530_NET310_CTRL</COMPONENT_NAME>
        <VIEW_NAME>OUTPUT_VIEW</VIEW_NAME>
        <ELEMENT_NAME>BUT_BACK_LD</ELEMENT_NAME>
        <VERSION>A</VERSION>
        <ELEMENT_POSITION>1</ELEMENT_POSITION>
        <UI_ELEMENT_TYPE>CL_WDY_MD_FLOW_DATA</UI_ELEMENT_TYPE>
        <DISPLAY_NAME>BUT_BACK_LD</DISPLAY_NAME>
        <UI_ELEM_DEF_LIB>STANDARD</UI_ELEM_DEF_LIB>
        <UI_ELEMENT_DEF>FLOW_DATA</UI_ELEMENT_DEF>
        <PARENT_NAME>BUT_BACK</PARENT_NAME>
        <AGGREGATION_NAME>LAYOUT_DATA</AGGREGATION_NAME>
       </WDY_UI_ELEMENT>
      </UI_ELEMENTS>
      <UI_EVENT_BINDINGS>
       <WDY_UI_EVT_BIND>
        <COMPONENT_NAME>ZZD530_NET310_CTRL</COMPONENT_NAME>
        <VIEW_NAME>OUTPUT_VIEW</VIEW_NAME>
        <ELEMENT_NAME>BUT_BACK</ELEMENT_NAME>
        <BINDING_NAME>ON_ACTION</BINDING_NAME>
        <VERSION>A</VERSION>
        <UI_ELEM_EVENT>ON_ACTION</UI_ELEM_EVENT>
        <BOUND_ACTION>OUT_BACK</BOUND_ACTION>
       </WDY_UI_EVT_BIND>
      </UI_EVENT_BINDINGS>
      <UI_PROPERTIES>
       <WDY_UI_PROPERTY>
        <COMPONENT_NAME>ZZD530_NET310_CTRL</COMPONENT_NAME>
        <VIEW_NAME>OUTPUT_VIEW</VIEW_NAME>
        <ELEMENT_NAME>BUT_BACK</ELEMENT_NAME>
        <VERSION>A</VERSION>
        <PROPERTY_NAME>CONTEXT_MENU_BEHAVIOUR</PROPERTY_NAME>
        <PROPERTY_VALUE>00</PROPERTY_VALUE>
       </WDY_UI_PROPERTY>
       <WDY_UI_PROPERTY>
        <COMPONENT_NAME>ZZD530_NET310_CTRL</COMPONENT_NAME>
        <VIEW_NAME>OUTPUT_VIEW</VIEW_NAME>
        <ELEMENT_NAME>BUT_BACK</ELEMENT_NAME>
        <VERSION>A</VERSION>
        <PROPERTY_NAME>DESIGN</PROPERTY_NAME>
        <PROPERTY_VALUE>00</PROPERTY_VALUE>
       </WDY_UI_PROPERTY>
       <WDY_UI_PROPERTY>
        <COMPONENT_NAME>ZZD530_NET310_CTRL</COMPONENT_NAME>
        <VIEW_NAME>OUTPUT_VIEW</VIEW_NAME>
        <ELEMENT_NAME>BUT_BACK</ELEMENT_NAME>
        <VERSION>A</VERSION>
        <PROPERTY_NAME>ENABLED</PROPERTY_NAME>
        <PROPERTY_VALUE>X</PROPERTY_VALUE>
       </WDY_UI_PROPERTY>
       <WDY_UI_PROPERTY>
        <COMPONENT_NAME>ZZD530_NET310_CTRL</COMPONENT_NAME>
        <VIEW_NAME>OUTPUT_VIEW</VIEW_NAME>
        <ELEMENT_NAME>BUT_BACK</ELEMENT_NAME>
        <VERSION>A</VERSION>
        <PROPERTY_NAME>HOTKEY</PROPERTY_NAME>
        <PROPERTY_VALUE>00</PROPERTY_VALUE>
       </WDY_UI_PROPERTY>
       <WDY_UI_PROPERTY>
        <COMPONENT_NAME>ZZD530_NET310_CTRL</COMPONENT_NAME>
        <VIEW_NAME>OUTPUT_VIEW</VIEW_NAME>
        <ELEMENT_NAME>BUT_BACK</ELEMENT_NAME>
        <VERSION>A</VERSION>
        <PROPERTY_NAME>IMAGE_FIRST</PROPERTY_NAME>
        <PROPERTY_VALUE>X</PROPERTY_VALUE>
       </WDY_UI_PROPERTY>
       <WDY_UI_PROPERTY>
        <COMPONENT_NAME>ZZD530_NET310_CTRL</COMPONENT_NAME>
        <VIEW_NAME>OUTPUT_VIEW</VIEW_NAME>
        <ELEMENT_NAME>BUT_BACK</ELEMENT_NAME>
        <VERSION>A</VERSION>
        <PROPERTY_NAME>TEXT</PROPERTY_NAME>
        <PROPERTY_VALUE>0050568CF1B11ED99D942054A16620D9</PROPERTY_VALUE>
       </WDY_UI_PROPERTY>
       <WDY_UI_PROPERTY>
        <COMPONENT_NAME>ZZD530_NET310_CTRL</COMPONENT_NAME>
        <VIEW_NAME>OUTPUT_VIEW</VIEW_NAME>
        <ELEMENT_NAME>BUT_BACK</ELEMENT_NAME>
        <VERSION>A</VERSION>
        <PROPERTY_NAME>TEXT_DIRECTION</PROPERTY_NAME>
        <PROPERTY_VALUE>02</PROPERTY_VALUE>
       </WDY_UI_PROPERTY>
       <WDY_UI_PROPERTY>
        <COMPONENT_NAME>ZZD530_NET310_CTRL</COMPONENT_NAME>
        <VIEW_NAME>OUTPUT_VIEW</VIEW_NAME>
        <ELEMENT_NAME>BUT_BACK</ELEMENT_NAME>
        <VERSION>A</VERSION>
        <PROPERTY_NAME>VISIBLE</PROPERTY_NAME>
        <PROPERTY_VALUE>02</PROPERTY_VALUE>
       </WDY_UI_PROPERTY>
       <WDY_UI_PROPERTY>
        <COMPONENT_NAME>ZZD530_NET310_CTRL</COMPONENT_NAME>
        <VIEW_NAME>OUTPUT_VIEW</VIEW_NAME>
        <ELEMENT_NAME>BUT_BACK_LD</ELEMENT_NAME>
        <VERSION>A</VERSION>
        <PROPERTY_NAME>CELL_DESIGN</PROPERTY_NAME>
        <PROPERTY_VALUE>04</PROPERTY_VALUE>
       </WDY_UI_PROPERTY>
       <WDY_UI_PROPERTY>
        <COMPONENT_NAME>ZZD530_NET310_CTRL</COMPONENT_NAME>
        <VIEW_NAME>OUTPUT_VIEW</VIEW_NAME>
        <ELEMENT_NAME>BUT_BACK_LD</ELEMENT_NAME>
        <VERSION>A</VERSION>
        <PROPERTY_NAME>V_GUTTER</PROPERTY_NAME>
        <PROPERTY_VALUE>00</PROPERTY_VALUE>
       </WDY_UI_PROPERTY>
       <WDY_UI_PROPERTY>
        <COMPONENT_NAME>ZZD530_NET310_CTRL</COMPONENT_NAME>
        <VIEW_NAME>OUTPUT_VIEW</VIEW_NAME>
        <ELEMENT_NAME>ROOTUIELEMENTCONTAINER</ELEMENT_NAME>
        <VERSION>A</VERSION>
        <PROPERTY_NAME>ARIA_LANDMARK</PROPERTY_NAME>
        <PROPERTY_VALUE>10</PROPERTY_VALUE>
       </WDY_UI_PROPERTY>
       <WDY_UI_PROPERTY>
        <COMPONENT_NAME>ZZD530_NET310_CTRL</COMPONENT_NAME>
        <VIEW_NAME>OUTPUT_VIEW</VIEW_NAME>
        <ELEMENT_NAME>ROOTUIELEMENTCONTAINER</ELEMENT_NAME>
        <VERSION>A</VERSION>
        <PROPERTY_NAME>CONTEXT_MENU_BEHAVIOUR</PROPERTY_NAME>
        <PROPERTY_VALUE>00</PROPERTY_VALUE>
       </WDY_UI_PROPERTY>
       <WDY_UI_PROPERTY>
        <COMPONENT_NAME>ZZD530_NET310_CTRL</COMPONENT_NAME>
        <VIEW_NAME>OUTPUT_VIEW</VIEW_NAME>
        <ELEMENT_NAME>ROOTUIELEMENTCONTAINER</ELEMENT_NAME>
        <VERSION>A</VERSION>
        <PROPERTY_NAME>ENABLED</PROPERTY_NAME>
        <PROPERTY_VALUE>X</PROPERTY_VALUE>
       </WDY_UI_PROPERTY>
       <WDY_UI_PROPERTY>
        <COMPONENT_NAME>ZZD530_NET310_CTRL</COMPONENT_NAME>
        <VIEW_NAME>OUTPUT_VIEW</VIEW_NAME>
        <ELEMENT_NAME>ROOTUIELEMENTCONTAINER</ELEMENT_NAME>
        <VERSION>A</VERSION>
        <PROPERTY_NAME>IS_LAYOUT_CONTAINER</PROPERTY_NAME>
        <PROPERTY_VALUE>X</PROPERTY_VALUE>
       </WDY_UI_PROPERTY>
       <WDY_UI_PROPERTY>
        <COMPONENT_NAME>ZZD530_NET310_CTRL</COMPONENT_NAME>
        <VIEW_NAME>OUTPUT_VIEW</VIEW_NAME>
        <ELEMENT_NAME>ROOTUIELEMENTCONTAINER</ELEMENT_NAME>
        <VERSION>A</VERSION>
        <PROPERTY_NAME>SCROLLING_MODE</PROPERTY_NAME>
        <PROPERTY_VALUE>02</PROPERTY_VALUE>
       </WDY_UI_PROPERTY>
       <WDY_UI_PROPERTY>
        <COMPONENT_NAME>ZZD530_NET310_CTRL</COMPONENT_NAME>
        <VIEW_NAME>OUTPUT_VIEW</VIEW_NAME>
        <ELEMENT_NAME>ROOTUIELEMENTCONTAINER</ELEMENT_NAME>
        <VERSION>A</VERSION>
        <PROPERTY_NAME>SCROLL_LEFT</PROPERTY_NAME>
        <PROPERTY_VALUE>0</PROPERTY_VALUE>
       </WDY_UI_PROPERTY>
       <WDY_UI_PROPERTY>
        <COMPONENT_NAME>ZZD530_NET310_CTRL</COMPONENT_NAME>
        <VIEW_NAME>OUTPUT_VIEW</VIEW_NAME>
        <ELEMENT_NAME>ROOTUIELEMENTCONTAINER</ELEMENT_NAME>
        <VERSION>A</VERSION>
        <PROPERTY_NAME>SCROLL_TOP</PROPERTY_NAME>
        <PROPERTY_VALUE>0</PROPERTY_VALUE>
       </WDY_UI_PROPERTY>
       <WDY_UI_PROPERTY>
        <COMPONENT_NAME>ZZD530_NET310_CTRL</COMPONENT_NAME>
        <VIEW_NAME>OUTPUT_VIEW</VIEW_NAME>
        <ELEMENT_NAME>ROOTUIELEMENTCONTAINER</ELEMENT_NAME>
        <VERSION>A</VERSION>
        <PROPERTY_NAME>VISIBLE</PROPERTY_NAME>
        <PROPERTY_VALUE>02</PROPERTY_VALUE>
       </WDY_UI_PROPERTY>
       <WDY_UI_PROPERTY>
        <COMPONENT_NAME>ZZD530_NET310_CTRL</COMPONENT_NAME>
        <VIEW_NAME>OUTPUT_VIEW</VIEW_NAME>
        <ELEMENT_NAME>ROOTUIELEMENTCONTAINER_LAYOUT</ELEMENT_NAME>
        <VERSION>A</VERSION>
        <PROPERTY_NAME>WRAPPING</PROPERTY_NAME>
        <PROPERTY_VALUE>X</PROPERTY_VALUE>
       </WDY_UI_PROPERTY>
      </UI_PROPERTIES>
     </WDY_MD_VIEW_META_DATA>
    </VIEW_METADATA>
    <CTLR_METADATA>
     <WDY_MD_CONTROLLER_META_DATA>
      <DEFINITION>
       <COMPONENT_NAME>ZZD530_NET310_CTRL</COMPONENT_NAME>
       <CONTROLLER_NAME>COMPONENTCONTROLLER</CONTROLLER_NAME>
       <VERSION>A</VERSION>
       <CONTROLLER_TYPE>02</CONTROLLER_TYPE>
       <CONTEXT>CONTEXT</CONTEXT>
       <DISPLAY_NAME>COMPONENTCONTROLLER</DISPLAY_NAME>
       <RUNTIME_OBJECT>ZIWCI_ZD530_NET310_CTRL</RUNTIME_OBJECT>
      </DEFINITION>
      <CONTROLLER_COMPONENT_TEXTS>
       <WDY_CTLR_COMPOT>
        <COMPONENT_NAME>ZZD530_NET310_CTRL</COMPONENT_NAME>
        <CONTROLLER_NAME>COMPONENTCONTROLLER</CONTROLLER_NAME>
        <CMPNAME>WDDOAPPLICATIONSTATECHANGE</CMPNAME>
        <LANGU>E</LANGU>
        <DESCRIPTION>Handling for Suspending and Resuming an Application</DESCRIPTION>
       </WDY_CTLR_COMPOT>
       <WDY_CTLR_COMPOT>
        <COMPONENT_NAME>ZZD530_NET310_CTRL</COMPONENT_NAME>
        <CONTROLLER_NAME>COMPONENTCONTROLLER</CONTROLLER_NAME>
        <CMPNAME>WDDOBEFORENAVIGATION</CMPNAME>
        <LANGU>E</LANGU>
        <DESCRIPTION>Error Handling by Application Before Navigation</DESCRIPTION>
       </WDY_CTLR_COMPOT>
       <WDY_CTLR_COMPOT>
        <COMPONENT_NAME>ZZD530_NET310_CTRL</COMPONENT_NAME>
        <CONTROLLER_NAME>COMPONENTCONTROLLER</CONTROLLER_NAME>
        <CMPNAME>WDDOEXIT</CMPNAME>
        <LANGU>E</LANGU>
        <DESCRIPTION>Controller Clean-Up Method</DESCRIPTION>
       </WDY_CTLR_COMPOT>
       <WDY_CTLR_COMPOT>
        <COMPONENT_NAME>ZZD530_NET310_CTRL</COMPONENT_NAME>
        <CONTROLLER_NAME>COMPONENTCONTROLLER</CONTROLLER_NAME>
        <CMPNAME>WDDOINIT</CMPNAME>
        <LANGU>E</LANGU>
        <DESCRIPTION>Controller Initialization Method</DESCRIPTION>
       </WDY_CTLR_COMPOT>
       <WDY_CTLR_COMPOT>
        <COMPONENT_NAME>ZZD530_NET310_CTRL</COMPONENT_NAME>
        <CONTROLLER_NAME>COMPONENTCONTROLLER</CONTROLLER_NAME>
        <CMPNAME>WDDOPOSTPROCESSING</CMPNAME>
        <LANGU>E</LANGU>
        <DESCRIPTION>Preparation of Output</DESCRIPTION>
       </WDY_CTLR_COMPOT>
      </CONTROLLER_COMPONENT_TEXTS>
      <CONTROLLER_PARAMETERS>
       <WDY_CTLR_PARAM>
        <COMPONENT_NAME>ZZD530_NET310_CTRL</COMPONENT_NAME>
        <CONTROLLER_NAME>COMPONENTCONTROLLER</CONTROLLER_NAME>
        <CMPNAME>WDDOAPPLICATIONSTATECHANGE</CMPNAME>
        <PARAMETER_NAME>STATE_CHANGE</PARAMETER_NAME>
        <VERSION>A</VERSION>
        <PARAM_POSITION>1</PARAM_POSITION>
        <ABAP_TYPING>1</ABAP_TYPING>
        <ABAP_TYPE>IF_WD_APPLICATION_STATE_CHANGE</ABAP_TYPE>
        <DISPLAY_NAME>STATE_CHANGE</DISPLAY_NAME>
       </WDY_CTLR_PARAM>
       <WDY_CTLR_PARAM>
        <COMPONENT_NAME>ZZD530_NET310_CTRL</COMPONENT_NAME>
        <CONTROLLER_NAME>COMPONENTCONTROLLER</CONTROLLER_NAME>
        <CMPNAME>WDDOBEFORENAVIGATION</CMPNAME>
        <PARAMETER_NAME>IS_CURRENT_ROOT</PARAMETER_NAME>
        <VERSION>A</VERSION>
        <PARAM_POSITION>1</PARAM_POSITION>
        <ABAP_TYPE>WDY_BOOLEAN</ABAP_TYPE>
        <DISPLAY_NAME>IS_CURRENT_ROOT</DISPLAY_NAME>
       </WDY_CTLR_PARAM>
       <WDY_CTLR_PARAM>
        <COMPONENT_NAME>ZZD530_NET310_CTRL</COMPONENT_NAME>
        <CONTROLLER_NAME>COMPONENTCONTROLLER</CONTROLLER_NAME>
        <CMPNAME>WDDOEXIT</CMPNAME>
        <PARAMETER_NAME>REASON</PARAMETER_NAME>
        <VERSION>A</VERSION>
        <PARAM_POSITION>1</PARAM_POSITION>
        <ABAP_TYPE>WDR_APPL_EXIT_REASON</ABAP_TYPE>
        <DISPLAY_NAME>REASON</DISPLAY_NAME>
       </WDY_CTLR_PARAM>
       <WDY_CTLR_PARAM>
        <COMPONENT_NAME>ZZD530_NET310_CTRL</COMPONENT_NAME>
        <CONTROLLER_NAME>COMPONENTCONTROLLER</CONTROLLER_NAME>
        <CMPNAME>WDDOPOSTPROCESSING</CMPNAME>
        <PARAMETER_NAME>IS_CURRENT_ROOT</PARAMETER_NAME>
        <VERSION>A</VERSION>
        <PARAM_POSITION>1</PARAM_POSITION>
        <ABAP_TYPE>WDY_BOOLEAN</ABAP_TYPE>
        <DISPLAY_NAME>IS_CURRENT_ROOT</DISPLAY_NAME>
       </WDY_CTLR_PARAM>
      </CONTROLLER_PARAMETERS>
      <CONTEXT_NODES>
       <WDY_CTX_NODE>
        <COMPONENT_NAME>ZZD530_NET310_CTRL</COMPONENT_NAME>
        <CONTROLLER_NAME>COMPONENTCONTROLLER</CONTROLLER_NAME>
        <NODE_NAME>CONTEXT</NODE_NAME>
        <VERSION>A</VERSION>
        <NODE_TYPE>CL_WDY_MD_CONTEXT_VALUE_NODE</NODE_TYPE>
        <COLLECTION_TYPE>03</COLLECTION_TYPE>
        <CARDINALITY>01</CARDINALITY>
        <SELECTION>01</SELECTION>
        <SINGLETON>X</SINGLETON>
        <DISPLAY_NAME>CONTEXT</DISPLAY_NAME>
        <INIT_LEAD_SELECT>X</INIT_LEAD_SELECT>
        <IS_INTF_ITEM>X</IS_INTF_ITEM>
       </WDY_CTX_NODE>
      </CONTEXT_NODES>
     </WDY_MD_CONTROLLER_META_DATA>
     <WDY_MD_CONTROLLER_META_DATA>
      <DEFINITION>
       <COMPONENT_NAME>ZZD530_NET310_CTRL</COMPONENT_NAME>
       <CONTROLLER_NAME>EMPTYVIEW</CONTROLLER_NAME>
       <VERSION>A</VERSION>
       <CONTROLLER_TYPE>01</CONTROLLER_TYPE>
       <DISPLAY_NAME>EMPTYVIEW</DISPLAY_NAME>
      </DEFINITION>
     </WDY_MD_CONTROLLER_META_DATA>
     <WDY_MD_CONTROLLER_META_DATA>
      <DEFINITION>
       <COMPONENT_NAME>ZZD530_NET310_CTRL</COMPONENT_NAME>
       <CONTROLLER_NAME>INPUT_VIEW</CONTROLLER_NAME>
       <VERSION>A</VERSION>
       <CONTROLLER_TYPE>01</CONTROLLER_TYPE>
       <CONTEXT>CONTEXT</CONTEXT>
       <DISPLAY_NAME>INPUT_VIEW</DISPLAY_NAME>
      </DEFINITION>
      <CONTROLLER_USAGES>
       <WDY_CTLR_USAGE>
        <COMPONENT_NAME>ZZD530_NET310_CTRL</COMPONENT_NAME>
        <CONTROLLER_NAME>INPUT_VIEW</CONTROLLER_NAME>
        <CTLR_USAGE_NAME>00O2THLMT8JHE331NHU972861</CTLR_USAGE_NAME>
        <VERSION>A</VERSION>
        <USED_CONTROLLER>COMPONENTCONTROLLER</USED_CONTROLLER>
       </WDY_CTLR_USAGE>
      </CONTROLLER_USAGES>
      <CONTROLLER_COMPONENT_TEXTS>
       <WDY_CTLR_COMPOT>
        <COMPONENT_NAME>ZZD530_NET310_CTRL</COMPONENT_NAME>
        <CONTROLLER_NAME>INPUT_VIEW</CONTROLLER_NAME>
        <CMPNAME>DISPLAY_DETAIL</CMPNAME>
        <LANGU>E</LANGU>
        <DESCRIPTION>Action for input view</DESCRIPTION>
       </WDY_CTLR_COMPOT>
       <WDY_CTLR_COMPOT>
        <COMPONENT_NAME>ZZD530_NET310_CTRL</COMPONENT_NAME>
        <CONTROLLER_NAME>INPUT_VIEW</CONTROLLER_NAME>
        <CMPNAME>HANDLEIN_DEFAULT</CMPNAME>
        <LANGU>E</LANGU>
        <DESCRIPTION>inward</DESCRIPTION>
       </WDY_CTLR_COMPOT>
       <WDY_CTLR_COMPOT>
        <COMPONENT_NAME>ZZD530_NET310_CTRL</COMPONENT_NAME>
        <CONTROLLER_NAME>INPUT_VIEW</CONTROLLER_NAME>
        <CMPNAME>ONACTIONDISPLAY_DETAIL</CMPNAME>
        <LANGU>E</LANGU>
        <DESCRIPTION>Action for input view</DESCRIPTION>
       </WDY_CTLR_COMPOT>
       <WDY_CTLR_COMPOT>
        <COMPONENT_NAME>ZZD530_NET310_CTRL</COMPONENT_NAME>
        <CONTROLLER_NAME>INPUT_VIEW</CONTROLLER_NAME>
        <CMPNAME>WDDOAFTERACTION</CMPNAME>
        <LANGU>E</LANGU>
        <DESCRIPTION>Method for non-action specific operations before navigation</DESCRIPTION>
       </WDY_CTLR_COMPOT>
       <WDY_CTLR_COMPOT>
        <COMPONENT_NAME>ZZD530_NET310_CTRL</COMPONENT_NAME>
        <CONTROLLER_NAME>INPUT_VIEW</CONTROLLER_NAME>
        <CMPNAME>WDDOBEFOREACTION</CMPNAME>
        <LANGU>E</LANGU>
        <DESCRIPTION>Method for Validation of User Input</DESCRIPTION>
       </WDY_CTLR_COMPOT>
       <WDY_CTLR_COMPOT>
        <COMPONENT_NAME>ZZD530_NET310_CTRL</COMPONENT_NAME>
        <CONTROLLER_NAME>INPUT_VIEW</CONTROLLER_NAME>
        <CMPNAME>WDDOEXIT</CMPNAME>
        <LANGU>E</LANGU>
        <DESCRIPTION>Controller Clean-Up Method</DESCRIPTION>
       </WDY_CTLR_COMPOT>
       <WDY_CTLR_COMPOT>
        <COMPONENT_NAME>ZZD530_NET310_CTRL</COMPONENT_NAME>
        <CONTROLLER_NAME>INPUT_VIEW</CONTROLLER_NAME>
        <CMPNAME>WDDOINIT</CMPNAME>
        <LANGU>E</LANGU>
        <DESCRIPTION>Controller Initialization Method</DESCRIPTION>
       </WDY_CTLR_COMPOT>
       <WDY_CTLR_COMPOT>
        <COMPONENT_NAME>ZZD530_NET310_CTRL</COMPONENT_NAME>
        <CONTROLLER_NAME>INPUT_VIEW</CONTROLLER_NAME>
        <CMPNAME>WDDOMODIFYVIEW</CMPNAME>
        <LANGU>E</LANGU>
        <DESCRIPTION>Method for Modifying the View Before Rendering</DESCRIPTION>
       </WDY_CTLR_COMPOT>
       <WDY_CTLR_COMPOT>
        <COMPONENT_NAME>ZZD530_NET310_CTRL</COMPONENT_NAME>
        <CONTROLLER_NAME>INPUT_VIEW</CONTROLLER_NAME>
        <CMPNAME>WDDOONCONTEXTMENU</CMPNAME>
        <LANGU>E</LANGU>
        <DESCRIPTION>Method for Modifying the Context Menu</DESCRIPTION>
       </WDY_CTLR_COMPOT>
      </CONTROLLER_COMPONENT_TEXTS>
      <CONTROLLER_PARAMETERS>
       <WDY_CTLR_PARAM>
        <COMPONENT_NAME>ZZD530_NET310_CTRL</COMPONENT_NAME>
        <CONTROLLER_NAME>INPUT_VIEW</CONTROLLER_NAME>
        <CMPNAME>WDDOMODIFYVIEW</CMPNAME>
        <PARAMETER_NAME>FIRST_TIME</PARAMETER_NAME>
        <VERSION>A</VERSION>
        <PARAM_POSITION>2</PARAM_POSITION>
        <ABAP_TYPE>WDY_BOOLEAN</ABAP_TYPE>
        <DISPLAY_NAME>FIRST_TIME</DISPLAY_NAME>
       </WDY_CTLR_PARAM>
       <WDY_CTLR_PARAM>
        <COMPONENT_NAME>ZZD530_NET310_CTRL</COMPONENT_NAME>
        <CONTROLLER_NAME>INPUT_VIEW</CONTROLLER_NAME>
        <CMPNAME>WDDOMODIFYVIEW</CMPNAME>
        <PARAMETER_NAME>VIEW</PARAMETER_NAME>
        <VERSION>A</VERSION>
        <PARAM_POSITION>1</PARAM_POSITION>
        <ABAP_TYPING>1</ABAP_TYPING>
        <ABAP_TYPE>IF_WD_VIEW</ABAP_TYPE>
        <DISPLAY_NAME>VIEW</DISPLAY_NAME>
       </WDY_CTLR_PARAM>
       <WDY_CTLR_PARAM>
        <COMPONENT_NAME>ZZD530_NET310_CTRL</COMPONENT_NAME>
        <CONTROLLER_NAME>INPUT_VIEW</CONTROLLER_NAME>
        <CMPNAME>WDDOONCONTEXTMENU</CMPNAME>
        <PARAMETER_NAME>CONTEXT_MENU_EVENT</PARAMETER_NAME>
        <VERSION>A</VERSION>
        <PARAM_POSITION>2</PARAM_POSITION>
        <ABAP_TYPING>1</ABAP_TYPING>
        <ABAP_TYPE>IF_WD_CONTEXT_MENU_EVENT</ABAP_TYPE>
        <DISPLAY_NAME>CONTEXT_MENU_EVENT</DISPLAY_NAME>
       </WDY_CTLR_PARAM>
       <WDY_CTLR_PARAM>
        <COMPONENT_NAME>ZZD530_NET310_CTRL</COMPONENT_NAME>
        <CONTROLLER_NAME>INPUT_VIEW</CONTROLLER_NAME>
        <CMPNAME>WDDOONCONTEXTMENU</CMPNAME>
        <PARAMETER_NAME>CONTEXT_MENU_MANAGER</PARAMETER_NAME>
        <VERSION>A</VERSION>
        <PARAM_POSITION>1</PARAM_POSITION>
        <ABAP_TYPING>1</ABAP_TYPING>
        <ABAP_TYPE>IF_WD_CONTEXT_MENU_MANAGER</ABAP_TYPE>
        <DISPLAY_NAME>CONTEXT_MENU_MANAGER</DISPLAY_NAME>
       </WDY_CTLR_PARAM>
       <WDY_CTLR_PARAM>
        <COMPONENT_NAME>ZZD530_NET310_CTRL</COMPONENT_NAME>
        <CONTROLLER_NAME>INPUT_VIEW</CONTROLLER_NAME>
        <CMPNAME>WDDOONCONTEXTMENU</CMPNAME>
        <PARAMETER_NAME>MENU</PARAMETER_NAME>
        <VERSION>A</VERSION>
        <PARAM_POSITION>3</PARAM_POSITION>
        <DECLARATION_TYPE>3</DECLARATION_TYPE>
        <ABAP_TYPING>1</ABAP_TYPING>
        <ABAP_TYPE>CL_WD_MENU</ABAP_TYPE>
        <DISPLAY_NAME>MENU</DISPLAY_NAME>
       </WDY_CTLR_PARAM>
      </CONTROLLER_PARAMETERS>
      <CONTEXT_NODES>
       <WDY_CTX_NODE>
        <COMPONENT_NAME>ZZD530_NET310_CTRL</COMPONENT_NAME>
        <CONTROLLER_NAME>INPUT_VIEW</CONTROLLER_NAME>
        <NODE_NAME>CONTEXT</NODE_NAME>
        <VERSION>A</VERSION>
        <NODE_TYPE>CL_WDY_MD_CONTEXT_VALUE_NODE</NODE_TYPE>
        <COLLECTION_TYPE>03</COLLECTION_TYPE>
        <CARDINALITY>01</CARDINALITY>
        <SELECTION>01</SELECTION>
        <SINGLETON>X</SINGLETON>
        <DISPLAY_NAME>CONTEXT</DISPLAY_NAME>
        <INIT_LEAD_SELECT>X</INIT_LEAD_SELECT>
       </WDY_CTX_NODE>
      </CONTEXT_NODES>
     </WDY_MD_CONTROLLER_META_DATA>
     <WDY_MD_CONTROLLER_META_DATA>
      <DEFINITION>
       <COMPONENT_NAME>ZZD530_NET310_CTRL</COMPONENT_NAME>
       <CONTROLLER_NAME>MAIN_WINDOW</CONTROLLER_NAME>
       <VERSION>A</VERSION>
       <CONTROLLER_TYPE>06</CONTROLLER_TYPE>
       <CONTEXT>CONTEXT</CONTEXT>
       <DISPLAY_NAME>MAIN_WINDOW</DISPLAY_NAME>
      </DEFINITION>
      <CONTROLLER_USAGES>
       <WDY_CTLR_USAGE>
        <COMPONENT_NAME>ZZD530_NET310_CTRL</COMPONENT_NAME>
        <CONTROLLER_NAME>MAIN_WINDOW</CONTROLLER_NAME>
        <CTLR_USAGE_NAME>00O2THLMT8JHE331NHU9721UH</CTLR_USAGE_NAME>
        <VERSION>A</VERSION>
        <USED_CONTROLLER>COMPONENTCONTROLLER</USED_CONTROLLER>
       </WDY_CTLR_USAGE>
      </CONTROLLER_USAGES>
      <CONTROLLER_COMPONENT_TEXTS>
       <WDY_CTLR_COMPOT>
        <COMPONENT_NAME>ZZD530_NET310_CTRL</COMPONENT_NAME>
        <CONTROLLER_NAME>MAIN_WINDOW</CONTROLLER_NAME>
        <CMPNAME>WDDOEXIT</CMPNAME>
        <LANGU>E</LANGU>
        <DESCRIPTION>Controller Clean-Up Method</DESCRIPTION>
       </WDY_CTLR_COMPOT>
       <WDY_CTLR_COMPOT>
        <COMPONENT_NAME>ZZD530_NET310_CTRL</COMPONENT_NAME>
        <CONTROLLER_NAME>MAIN_WINDOW</CONTROLLER_NAME>
        <CMPNAME>WDDOINIT</CMPNAME>
        <LANGU>E</LANGU>
        <DESCRIPTION>Controller Initialization Method</DESCRIPTION>
       </WDY_CTLR_COMPOT>
       <WDY_CTLR_COMPOT>
        <COMPONENT_NAME>ZZD530_NET310_CTRL</COMPONENT_NAME>
        <CONTROLLER_NAME>MAIN_WINDOW</CONTROLLER_NAME>
        <CMPNAME>WDDOONCLOSE</CMPNAME>
        <LANGU>E</LANGU>
        <DESCRIPTION>Handling When Closing the Window</DESCRIPTION>
       </WDY_CTLR_COMPOT>
       <WDY_CTLR_COMPOT>
        <COMPONENT_NAME>ZZD530_NET310_CTRL</COMPONENT_NAME>
        <CONTROLLER_NAME>MAIN_WINDOW</CONTROLLER_NAME>
        <CMPNAME>WDDOONOPEN</CMPNAME>
        <LANGU>E</LANGU>
        <DESCRIPTION>Handling When Opening the Window</DESCRIPTION>
       </WDY_CTLR_COMPOT>
      </CONTROLLER_COMPONENT_TEXTS>
      <CONTROLLER_PARAMETERS>
       <WDY_CTLR_PARAM>
        <COMPONENT_NAME>ZZD530_NET310_CTRL</COMPONENT_NAME>
        <CONTROLLER_NAME>MAIN_WINDOW</CONTROLLER_NAME>
        <CMPNAME>WDDOONOPEN</CMPNAME>
        <PARAMETER_NAME>WINDOW_DESCR</PARAMETER_NAME>
        <VERSION>A</VERSION>
        <PARAM_POSITION>1</PARAM_POSITION>
        <ABAP_TYPING>1</ABAP_TYPING>
        <ABAP_TYPE>IF_WD_WINDOW_DESCRIPTION</ABAP_TYPE>
        <DISPLAY_NAME>WINDOW_DESCR</DISPLAY_NAME>
       </WDY_CTLR_PARAM>
      </CONTROLLER_PARAMETERS>
      <CONTEXT_NODES>
       <WDY_CTX_NODE>
        <COMPONENT_NAME>ZZD530_NET310_CTRL</COMPONENT_NAME>
        <CONTROLLER_NAME>MAIN_WINDOW</CONTROLLER_NAME>
        <NODE_NAME>CONTEXT</NODE_NAME>
        <VERSION>A</VERSION>
        <NODE_TYPE>CL_WDY_MD_CONTEXT_VALUE_NODE</NODE_TYPE>
        <COLLECTION_TYPE>03</COLLECTION_TYPE>
        <CARDINALITY>01</CARDINALITY>
        <SELECTION>01</SELECTION>
        <SINGLETON>X</SINGLETON>
        <DISPLAY_NAME>CONTEXT</DISPLAY_NAME>
        <INIT_LEAD_SELECT>X</INIT_LEAD_SELECT>
       </WDY_CTX_NODE>
      </CONTEXT_NODES>
     </WDY_MD_CONTROLLER_META_DATA>
     <WDY_MD_CONTROLLER_META_DATA>
      <DEFINITION>
       <COMPONENT_NAME>ZZD530_NET310_CTRL</COMPONENT_NAME>
       <CONTROLLER_NAME>OUTPUT_VIEW</CONTROLLER_NAME>
       <VERSION>A</VERSION>
       <CONTROLLER_TYPE>01</CONTROLLER_TYPE>
       <CONTEXT>CONTEXT</CONTEXT>
       <DISPLAY_NAME>OUTPUT_VIEW</DISPLAY_NAME>
      </DEFINITION>
      <DESCRIPTIONS>
       <WDY_CONTROLLERT>
        <COMPONENT_NAME>ZZD530_NET310_CTRL</COMPONENT_NAME>
        <CONTROLLER_NAME>OUTPUT_VIEW</CONTROLLER_NAME>
        <LANGU>E</LANGU>
        <DESCRIPTION>output view</DESCRIPTION>
       </WDY_CONTROLLERT>
      </DESCRIPTIONS>
      <CONTROLLER_USAGES>
       <WDY_CTLR_USAGE>
        <COMPONENT_NAME>ZZD530_NET310_CTRL</COMPONENT_NAME>
        <CONTROLLER_NAME>OUTPUT_VIEW</CONTROLLER_NAME>
        <CTLR_USAGE_NAME>00O2THLMT8JHE331PUMR8N2L5</CTLR_USAGE_NAME>
        <VERSION>A</VERSION>
        <USED_CONTROLLER>COMPONENTCONTROLLER</USED_CONTROLLER>
       </WDY_CTLR_USAGE>
      </CONTROLLER_USAGES>
      <CONTROLLER_COMPONENT_TEXTS>
       <WDY_CTLR_COMPOT>
        <COMPONENT_NAME>ZZD530_NET310_CTRL</COMPONENT_NAME>
        <CONTROLLER_NAME>OUTPUT_VIEW</CONTROLLER_NAME>
        <CMPNAME>HANDLEIN_DEFAULT</CMPNAME>
        <LANGU>E</LANGU>
        <DESCRIPTION>plug for input view</DESCRIPTION>
       </WDY_CTLR_COMPOT>
       <WDY_CTLR_COMPOT>
        <COMPONENT_NAME>ZZD530_NET310_CTRL</COMPONENT_NAME>
        <CONTROLLER_NAME>OUTPUT_VIEW</CONTROLLER_NAME>
        <CMPNAME>ONACTIONOUT_BACK</CMPNAME>
        <LANGU>E</LANGU>
        <DESCRIPTION>Action for output view</DESCRIPTION>
       </WDY_CTLR_COMPOT>
       <WDY_CTLR_COMPOT>
        <COMPONENT_NAME>ZZD530_NET310_CTRL</COMPONENT_NAME>
        <CONTROLLER_NAME>OUTPUT_VIEW</CONTROLLER_NAME>
        <CMPNAME>OUT_BACK</CMPNAME>
        <LANGU>E</LANGU>
        <DESCRIPTION>Action for output view</DESCRIPTION>
       </WDY_CTLR_COMPOT>
       <WDY_CTLR_COMPOT>
        <COMPONENT_NAME>ZZD530_NET310_CTRL</COMPONENT_NAME>
        <CONTROLLER_NAME>OUTPUT_VIEW</CONTROLLER_NAME>
        <CMPNAME>WDDOAFTERACTION</CMPNAME>
        <LANGU>E</LANGU>
        <DESCRIPTION>Method for non-action specific operations before navigation</DESCRIPTION>
       </WDY_CTLR_COMPOT>
       <WDY_CTLR_COMPOT>
        <COMPONENT_NAME>ZZD530_NET310_CTRL</COMPONENT_NAME>
        <CONTROLLER_NAME>OUTPUT_VIEW</CONTROLLER_NAME>
        <CMPNAME>WDDOBEFOREACTION</CMPNAME>
        <LANGU>E</LANGU>
        <DESCRIPTION>Method for Validation of User Input</DESCRIPTION>
       </WDY_CTLR_COMPOT>
       <WDY_CTLR_COMPOT>
        <COMPONENT_NAME>ZZD530_NET310_CTRL</COMPONENT_NAME>
        <CONTROLLER_NAME>OUTPUT_VIEW</CONTROLLER_NAME>
        <CMPNAME>WDDOEXIT</CMPNAME>
        <LANGU>E</LANGU>
        <DESCRIPTION>Controller Clean-Up Method</DESCRIPTION>
       </WDY_CTLR_COMPOT>
       <WDY_CTLR_COMPOT>
        <COMPONENT_NAME>ZZD530_NET310_CTRL</COMPONENT_NAME>
        <CONTROLLER_NAME>OUTPUT_VIEW</CONTROLLER_NAME>
        <CMPNAME>WDDOINIT</CMPNAME>
        <LANGU>E</LANGU>
        <DESCRIPTION>Controller Initialization Method</DESCRIPTION>
       </WDY_CTLR_COMPOT>
       <WDY_CTLR_COMPOT>
        <COMPONENT_NAME>ZZD530_NET310_CTRL</COMPONENT_NAME>
        <CONTROLLER_NAME>OUTPUT_VIEW</CONTROLLER_NAME>
        <CMPNAME>WDDOMODIFYVIEW</CMPNAME>
        <LANGU>E</LANGU>
        <DESCRIPTION>Method for Modifying the View Before Rendering</DESCRIPTION>
       </WDY_CTLR_COMPOT>
       <WDY_CTLR_COMPOT>
        <COMPONENT_NAME>ZZD530_NET310_CTRL</COMPONENT_NAME>
        <CONTROLLER_NAME>OUTPUT_VIEW</CONTROLLER_NAME>
        <CMPNAME>WDDOONCONTEXTMENU</CMPNAME>
        <LANGU>E</LANGU>
        <DESCRIPTION>Method for Modifying the Context Menu</DESCRIPTION>
       </WDY_CTLR_COMPOT>
      </CONTROLLER_COMPONENT_TEXTS>
      <CONTROLLER_PARAMETERS>
       <WDY_CTLR_PARAM>
        <COMPONENT_NAME>ZZD530_NET310_CTRL</COMPONENT_NAME>
        <CONTROLLER_NAME>OUTPUT_VIEW</CONTROLLER_NAME>
        <CMPNAME>WDDOMODIFYVIEW</CMPNAME>
        <PARAMETER_NAME>FIRST_TIME</PARAMETER_NAME>
        <VERSION>A</VERSION>
        <PARAM_POSITION>2</PARAM_POSITION>
        <ABAP_TYPE>WDY_BOOLEAN</ABAP_TYPE>
        <DISPLAY_NAME>FIRST_TIME</DISPLAY_NAME>
       </WDY_CTLR_PARAM>
       <WDY_CTLR_PARAM>
        <COMPONENT_NAME>ZZD530_NET310_CTRL</COMPONENT_NAME>
        <CONTROLLER_NAME>OUTPUT_VIEW</CONTROLLER_NAME>
        <CMPNAME>WDDOMODIFYVIEW</CMPNAME>
        <PARAMETER_NAME>VIEW</PARAMETER_NAME>
        <VERSION>A</VERSION>
        <PARAM_POSITION>1</PARAM_POSITION>
        <ABAP_TYPING>1</ABAP_TYPING>
        <ABAP_TYPE>IF_WD_VIEW</ABAP_TYPE>
        <DISPLAY_NAME>VIEW</DISPLAY_NAME>
       </WDY_CTLR_PARAM>
       <WDY_CTLR_PARAM>
        <COMPONENT_NAME>ZZD530_NET310_CTRL</COMPONENT_NAME>
        <CONTROLLER_NAME>OUTPUT_VIEW</CONTROLLER_NAME>
        <CMPNAME>WDDOONCONTEXTMENU</CMPNAME>
        <PARAMETER_NAME>CONTEXT_MENU_EVENT</PARAMETER_NAME>
        <VERSION>A</VERSION>
        <PARAM_POSITION>2</PARAM_POSITION>
        <ABAP_TYPING>1</ABAP_TYPING>
        <ABAP_TYPE>IF_WD_CONTEXT_MENU_EVENT</ABAP_TYPE>
        <DISPLAY_NAME>CONTEXT_MENU_EVENT</DISPLAY_NAME>
       </WDY_CTLR_PARAM>
       <WDY_CTLR_PARAM>
        <COMPONENT_NAME>ZZD530_NET310_CTRL</COMPONENT_NAME>
        <CONTROLLER_NAME>OUTPUT_VIEW</CONTROLLER_NAME>
        <CMPNAME>WDDOONCONTEXTMENU</CMPNAME>
        <PARAMETER_NAME>CONTEXT_MENU_MANAGER</PARAMETER_NAME>
        <VERSION>A</VERSION>
        <PARAM_POSITION>1</PARAM_POSITION>
        <ABAP_TYPING>1</ABAP_TYPING>
        <ABAP_TYPE>IF_WD_CONTEXT_MENU_MANAGER</ABAP_TYPE>
        <DISPLAY_NAME>CONTEXT_MENU_MANAGER</DISPLAY_NAME>
       </WDY_CTLR_PARAM>
       <WDY_CTLR_PARAM>
        <COMPONENT_NAME>ZZD530_NET310_CTRL</COMPONENT_NAME>
        <CONTROLLER_NAME>OUTPUT_VIEW</CONTROLLER_NAME>
        <CMPNAME>WDDOONCONTEXTMENU</CMPNAME>
        <PARAMETER_NAME>MENU</PARAMETER_NAME>
        <VERSION>A</VERSION>
        <PARAM_POSITION>3</PARAM_POSITION>
        <DECLARATION_TYPE>3</DECLARATION_TYPE>
        <ABAP_TYPING>1</ABAP_TYPING>
        <ABAP_TYPE>CL_WD_MENU</ABAP_TYPE>
        <DISPLAY_NAME>MENU</DISPLAY_NAME>
       </WDY_CTLR_PARAM>
      </CONTROLLER_PARAMETERS>
      <CONTEXT_NODES>
       <WDY_CTX_NODE>
        <COMPONENT_NAME>ZZD530_NET310_CTRL</COMPONENT_NAME>
        <CONTROLLER_NAME>OUTPUT_VIEW</CONTROLLER_NAME>
        <NODE_NAME>CONTEXT</NODE_NAME>
        <VERSION>A</VERSION>
        <NODE_TYPE>CL_WDY_MD_CONTEXT_VALUE_NODE</NODE_TYPE>
        <COLLECTION_TYPE>03</COLLECTION_TYPE>
        <CARDINALITY>01</CARDINALITY>
        <SELECTION>01</SELECTION>
        <SINGLETON>X</SINGLETON>
        <DISPLAY_NAME>CONTEXT</DISPLAY_NAME>
        <INIT_LEAD_SELECT>X</INIT_LEAD_SELECT>
       </WDY_CTX_NODE>
      </CONTEXT_NODES>
     </WDY_MD_CONTROLLER_META_DATA>
    </CTLR_METADATA>
   </COMPONENT>
   <COMPONENTS>
    <WDY_CTLR_COMPO_VRS>
     <COMPONENT_NAME>ZZD530_NET310_CTRL</COMPONENT_NAME>
     <CONTROLLER_NAME>COMPONENTCONTROLLER</CONTROLLER_NAME>
     <CMPNAME>WDDOAPPLICATIONSTATECHANGE</CMPNAME>
     <VERSION>A</VERSION>
     <CMPTYPE>CL_WDY_MD_CONTROLLER_METHOD</CMPTYPE>
     <VISIBILITY>2</VISIBILITY>
     <DISPLAY_NAME>WDDOAPPLICATIONSTATECHANGE</DISPLAY_NAME>
    </WDY_CTLR_COMPO_VRS>
    <WDY_CTLR_COMPO_VRS>
     <COMPONENT_NAME>ZZD530_NET310_CTRL</COMPONENT_NAME>
     <CONTROLLER_NAME>COMPONENTCONTROLLER</CONTROLLER_NAME>
     <CMPNAME>WDDOBEFORENAVIGATION</CMPNAME>
     <VERSION>A</VERSION>
     <CMPTYPE>CL_WDY_MD_CONTROLLER_METHOD</CMPTYPE>
     <VISIBILITY>2</VISIBILITY>
     <DISPLAY_NAME>WDDOBEFORENAVIGATION</DISPLAY_NAME>
    </WDY_CTLR_COMPO_VRS>
    <WDY_CTLR_COMPO_VRS>
     <COMPONENT_NAME>ZZD530_NET310_CTRL</COMPONENT_NAME>
     <CONTROLLER_NAME>COMPONENTCONTROLLER</CONTROLLER_NAME>
     <CMPNAME>WDDOEXIT</CMPNAME>
     <VERSION>A</VERSION>
     <CMPTYPE>CL_WDY_MD_CONTROLLER_METHOD</CMPTYPE>
     <VISIBILITY>2</VISIBILITY>
     <DISPLAY_NAME>WDDOEXIT</DISPLAY_NAME>
    </WDY_CTLR_COMPO_VRS>
    <WDY_CTLR_COMPO_VRS>
     <COMPONENT_NAME>ZZD530_NET310_CTRL</COMPONENT_NAME>
     <CONTROLLER_NAME>COMPONENTCONTROLLER</CONTROLLER_NAME>
     <CMPNAME>WDDOINIT</CMPNAME>
     <VERSION>A</VERSION>
     <CMPTYPE>CL_WDY_MD_CONTROLLER_METHOD</CMPTYPE>
     <VISIBILITY>2</VISIBILITY>
     <DISPLAY_NAME>WDDOINIT</DISPLAY_NAME>
    </WDY_CTLR_COMPO_VRS>
    <WDY_CTLR_COMPO_VRS>
     <COMPONENT_NAME>ZZD530_NET310_CTRL</COMPONENT_NAME>
     <CONTROLLER_NAME>COMPONENTCONTROLLER</CONTROLLER_NAME>
     <CMPNAME>WDDOPOSTPROCESSING</CMPNAME>
     <VERSION>A</VERSION>
     <CMPTYPE>CL_WDY_MD_CONTROLLER_METHOD</CMPTYPE>
     <VISIBILITY>2</VISIBILITY>
     <DISPLAY_NAME>WDDOPOSTPROCESSING</DISPLAY_NAME>
    </WDY_CTLR_COMPO_VRS>
    <WDY_CTLR_COMPO_VRS>
     <COMPONENT_NAME>ZZD530_NET310_CTRL</COMPONENT_NAME>
     <CONTROLLER_NAME>INPUT_VIEW</CONTROLLER_NAME>
     <CMPNAME>DISPLAY_DETAIL</CMPNAME>
     <VERSION>A</VERSION>
     <CMPTYPE>CL_WDY_MD_ACTION</CMPTYPE>
     <DISPLAY_NAME>DISPLAY_DETAIL</DISPLAY_NAME>
    </WDY_CTLR_COMPO_VRS>
    <WDY_CTLR_COMPO_VRS>
     <COMPONENT_NAME>ZZD530_NET310_CTRL</COMPONENT_NAME>
     <CONTROLLER_NAME>INPUT_VIEW</CONTROLLER_NAME>
     <CMPNAME>HANDLEIN_DEFAULT</CMPNAME>
     <VERSION>A</VERSION>
     <CMPTYPE>CL_WDY_MD_CTLR_EVENT_HANDLER</CMPTYPE>
     <VISIBILITY>2</VISIBILITY>
     <REF_VIEW_NAME>INPUT_VIEW</REF_VIEW_NAME>
     <REF_PLUG_NAME>IN_DEFAULT</REF_PLUG_NAME>
     <DISPLAY_NAME>HANDLEIN_DEFAULT</DISPLAY_NAME>
    </WDY_CTLR_COMPO_VRS>
    <WDY_CTLR_COMPO_VRS>
     <COMPONENT_NAME>ZZD530_NET310_CTRL</COMPONENT_NAME>
     <CONTROLLER_NAME>INPUT_VIEW</CONTROLLER_NAME>
     <CMPNAME>ONACTIONDISPLAY_DETAIL</CMPNAME>
     <VERSION>A</VERSION>
     <CMPTYPE>CL_WDY_MD_CTLR_EVENT_HANDLER</CMPTYPE>
     <VISIBILITY>2</VISIBILITY>
     <REF_CTLR_NAME>INPUT_VIEW</REF_CTLR_NAME>
     <REF_CMPNAME>DISPLAY_DETAIL</REF_CMPNAME>
     <DISPLAY_NAME>ONACTIONDISPLAY_DETAIL</DISPLAY_NAME>
    </WDY_CTLR_COMPO_VRS>
    <WDY_CTLR_COMPO_VRS>
     <COMPONENT_NAME>ZZD530_NET310_CTRL</COMPONENT_NAME>
     <CONTROLLER_NAME>INPUT_VIEW</CONTROLLER_NAME>
     <CMPNAME>WDDOAFTERACTION</CMPNAME>
     <VERSION>A</VERSION>
     <CMPTYPE>CL_WDY_MD_CONTROLLER_METHOD</CMPTYPE>
     <VISIBILITY>2</VISIBILITY>
     <DISPLAY_NAME>WDDOAFTERACTION</DISPLAY_NAME>
    </WDY_CTLR_COMPO_VRS>
    <WDY_CTLR_COMPO_VRS>
     <COMPONENT_NAME>ZZD530_NET310_CTRL</COMPONENT_NAME>
     <CONTROLLER_NAME>INPUT_VIEW</CONTROLLER_NAME>
     <CMPNAME>WDDOBEFOREACTION</CMPNAME>
     <VERSION>A</VERSION>
     <CMPTYPE>CL_WDY_MD_CONTROLLER_METHOD</CMPTYPE>
     <VISIBILITY>2</VISIBILITY>
     <DISPLAY_NAME>WDDOBEFOREACTION</DISPLAY_NAME>
    </WDY_CTLR_COMPO_VRS>
    <WDY_CTLR_COMPO_VRS>
     <COMPONENT_NAME>ZZD530_NET310_CTRL</COMPONENT_NAME>
     <CONTROLLER_NAME>INPUT_VIEW</CONTROLLER_NAME>
     <CMPNAME>WDDOEXIT</CMPNAME>
     <VERSION>A</VERSION>
     <CMPTYPE>CL_WDY_MD_CONTROLLER_METHOD</CMPTYPE>
     <VISIBILITY>2</VISIBILITY>
     <DISPLAY_NAME>WDDOEXIT</DISPLAY_NAME>
    </WDY_CTLR_COMPO_VRS>
    <WDY_CTLR_COMPO_VRS>
     <COMPONENT_NAME>ZZD530_NET310_CTRL</COMPONENT_NAME>
     <CONTROLLER_NAME>INPUT_VIEW</CONTROLLER_NAME>
     <CMPNAME>WDDOINIT</CMPNAME>
     <VERSION>A</VERSION>
     <CMPTYPE>CL_WDY_MD_CONTROLLER_METHOD</CMPTYPE>
     <VISIBILITY>2</VISIBILITY>
     <DISPLAY_NAME>WDDOINIT</DISPLAY_NAME>
    </WDY_CTLR_COMPO_VRS>
    <WDY_CTLR_COMPO_VRS>
     <COMPONENT_NAME>ZZD530_NET310_CTRL</COMPONENT_NAME>
     <CONTROLLER_NAME>INPUT_VIEW</CONTROLLER_NAME>
     <CMPNAME>WDDOMODIFYVIEW</CMPNAME>
     <VERSION>A</VERSION>
     <CMPTYPE>CL_WDY_MD_CONTROLLER_METHOD</CMPTYPE>
     <VISIBILITY>2</VISIBILITY>
     <DISPLAY_NAME>WDDOMODIFYVIEW</DISPLAY_NAME>
    </WDY_CTLR_COMPO_VRS>
    <WDY_CTLR_COMPO_VRS>
     <COMPONENT_NAME>ZZD530_NET310_CTRL</COMPONENT_NAME>
     <CONTROLLER_NAME>INPUT_VIEW</CONTROLLER_NAME>
     <CMPNAME>WDDOONCONTEXTMENU</CMPNAME>
     <VERSION>A</VERSION>
     <CMPTYPE>CL_WDY_MD_CONTROLLER_METHOD</CMPTYPE>
     <VISIBILITY>2</VISIBILITY>
     <DISPLAY_NAME>WDDOONCONTEXTMENU</DISPLAY_NAME>
    </WDY_CTLR_COMPO_VRS>
    <WDY_CTLR_COMPO_VRS>
     <COMPONENT_NAME>ZZD530_NET310_CTRL</COMPONENT_NAME>
     <CONTROLLER_NAME>MAIN_WINDOW</CONTROLLER_NAME>
     <CMPNAME>HANDLEDEFAULT</CMPNAME>
     <VERSION>A</VERSION>
     <CMPTYPE>CL_WDY_MD_CTLR_EVENT_HANDLER</CMPTYPE>
     <VISIBILITY>2</VISIBILITY>
     <REF_VIEW_NAME>MAIN_WINDOW</REF_VIEW_NAME>
     <REF_PLUG_NAME>DEFAULT</REF_PLUG_NAME>
     <DISPLAY_NAME>HANDLEDEFAULT</DISPLAY_NAME>
    </WDY_CTLR_COMPO_VRS>
    <WDY_CTLR_COMPO_VRS>
     <COMPONENT_NAME>ZZD530_NET310_CTRL</COMPONENT_NAME>
     <CONTROLLER_NAME>MAIN_WINDOW</CONTROLLER_NAME>
     <CMPNAME>WDDOEXIT</CMPNAME>
     <VERSION>A</VERSION>
     <CMPTYPE>CL_WDY_MD_CONTROLLER_METHOD</CMPTYPE>
     <VISIBILITY>2</VISIBILITY>
     <DISPLAY_NAME>WDDOEXIT</DISPLAY_NAME>
    </WDY_CTLR_COMPO_VRS>
    <WDY_CTLR_COMPO_VRS>
     <COMPONENT_NAME>ZZD530_NET310_CTRL</COMPONENT_NAME>
     <CONTROLLER_NAME>MAIN_WINDOW</CONTROLLER_NAME>
     <CMPNAME>WDDOINIT</CMPNAME>
     <VERSION>A</VERSION>
     <CMPTYPE>CL_WDY_MD_CONTROLLER_METHOD</CMPTYPE>
     <VISIBILITY>2</VISIBILITY>
     <DISPLAY_NAME>WDDOINIT</DISPLAY_NAME>
    </WDY_CTLR_COMPO_VRS>
    <WDY_CTLR_COMPO_VRS>
     <COMPONENT_NAME>ZZD530_NET310_CTRL</COMPONENT_NAME>
     <CONTROLLER_NAME>MAIN_WINDOW</CONTROLLER_NAME>
     <CMPNAME>WDDOONCLOSE</CMPNAME>
     <VERSION>A</VERSION>
     <CMPTYPE>CL_WDY_MD_CONTROLLER_METHOD</CMPTYPE>
     <VISIBILITY>2</VISIBILITY>
     <DISPLAY_NAME>WDDOONCLOSE</DISPLAY_NAME>
    </WDY_CTLR_COMPO_VRS>
    <WDY_CTLR_COMPO_VRS>
     <COMPONENT_NAME>ZZD530_NET310_CTRL</COMPONENT_NAME>
     <CONTROLLER_NAME>MAIN_WINDOW</CONTROLLER_NAME>
     <CMPNAME>WDDOONOPEN</CMPNAME>
     <VERSION>A</VERSION>
     <CMPTYPE>CL_WDY_MD_CONTROLLER_METHOD</CMPTYPE>
     <VISIBILITY>2</VISIBILITY>
     <DISPLAY_NAME>WDDOONOPEN</DISPLAY_NAME>
    </WDY_CTLR_COMPO_VRS>
    <WDY_CTLR_COMPO_VRS>
     <COMPONENT_NAME>ZZD530_NET310_CTRL</COMPONENT_NAME>
     <CONTROLLER_NAME>OUTPUT_VIEW</CONTROLLER_NAME>
     <CMPNAME>HANDLEIN_DEFAULT</CMPNAME>
     <VERSION>A</VERSION>
     <CMPTYPE>CL_WDY_MD_CTLR_EVENT_HANDLER</CMPTYPE>
     <VISIBILITY>2</VISIBILITY>
     <REF_VIEW_NAME>OUTPUT_VIEW</REF_VIEW_NAME>
     <REF_PLUG_NAME>IN_DEFAULT</REF_PLUG_NAME>
     <DISPLAY_NAME>HANDLEIN_DEFAULT</DISPLAY_NAME>
    </WDY_CTLR_COMPO_VRS>
    <WDY_CTLR_COMPO_VRS>
     <COMPONENT_NAME>ZZD530_NET310_CTRL</COMPONENT_NAME>
     <CONTROLLER_NAME>OUTPUT_VIEW</CONTROLLER_NAME>
     <CMPNAME>ONACTIONOUT_BACK</CMPNAME>
     <VERSION>A</VERSION>
     <CMPTYPE>CL_WDY_MD_CTLR_EVENT_HANDLER</CMPTYPE>
     <VISIBILITY>2</VISIBILITY>
     <REF_CTLR_NAME>OUTPUT_VIEW</REF_CTLR_NAME>
     <REF_CMPNAME>OUT_BACK</REF_CMPNAME>
     <DISPLAY_NAME>ONACTIONOUT_BACK</DISPLAY_NAME>
    </WDY_CTLR_COMPO_VRS>
    <WDY_CTLR_COMPO_VRS>
     <COMPONENT_NAME>ZZD530_NET310_CTRL</COMPONENT_NAME>
     <CONTROLLER_NAME>OUTPUT_VIEW</CONTROLLER_NAME>
     <CMPNAME>OUT_BACK</CMPNAME>
     <VERSION>A</VERSION>
     <CMPTYPE>CL_WDY_MD_ACTION</CMPTYPE>
     <DISPLAY_NAME>OUT_BACK</DISPLAY_NAME>
    </WDY_CTLR_COMPO_VRS>
    <WDY_CTLR_COMPO_VRS>
     <COMPONENT_NAME>ZZD530_NET310_CTRL</COMPONENT_NAME>
     <CONTROLLER_NAME>OUTPUT_VIEW</CONTROLLER_NAME>
     <CMPNAME>WDDOAFTERACTION</CMPNAME>
     <VERSION>A</VERSION>
     <CMPTYPE>CL_WDY_MD_CONTROLLER_METHOD</CMPTYPE>
     <VISIBILITY>2</VISIBILITY>
     <DISPLAY_NAME>WDDOAFTERACTION</DISPLAY_NAME>
    </WDY_CTLR_COMPO_VRS>
    <WDY_CTLR_COMPO_VRS>
     <COMPONENT_NAME>ZZD530_NET310_CTRL</COMPONENT_NAME>
     <CONTROLLER_NAME>OUTPUT_VIEW</CONTROLLER_NAME>
     <CMPNAME>WDDOBEFOREACTION</CMPNAME>
     <VERSION>A</VERSION>
     <CMPTYPE>CL_WDY_MD_CONTROLLER_METHOD</CMPTYPE>
     <VISIBILITY>2</VISIBILITY>
     <DISPLAY_NAME>WDDOBEFOREACTION</DISPLAY_NAME>
    </WDY_CTLR_COMPO_VRS>
    <WDY_CTLR_COMPO_VRS>
     <COMPONENT_NAME>ZZD530_NET310_CTRL</COMPONENT_NAME>
     <CONTROLLER_NAME>OUTPUT_VIEW</CONTROLLER_NAME>
     <CMPNAME>WDDOEXIT</CMPNAME>
     <VERSION>A</VERSION>
     <CMPTYPE>CL_WDY_MD_CONTROLLER_METHOD</CMPTYPE>
     <VISIBILITY>2</VISIBILITY>
     <DISPLAY_NAME>WDDOEXIT</DISPLAY_NAME>
    </WDY_CTLR_COMPO_VRS>
    <WDY_CTLR_COMPO_VRS>
     <COMPONENT_NAME>ZZD530_NET310_CTRL</COMPONENT_NAME>
     <CONTROLLER_NAME>OUTPUT_VIEW</CONTROLLER_NAME>
     <CMPNAME>WDDOINIT</CMPNAME>
     <VERSION>A</VERSION>
     <CMPTYPE>CL_WDY_MD_CONTROLLER_METHOD</CMPTYPE>
     <VISIBILITY>2</VISIBILITY>
     <DISPLAY_NAME>WDDOINIT</DISPLAY_NAME>
    </WDY_CTLR_COMPO_VRS>
    <WDY_CTLR_COMPO_VRS>
     <COMPONENT_NAME>ZZD530_NET310_CTRL</COMPONENT_NAME>
     <CONTROLLER_NAME>OUTPUT_VIEW</CONTROLLER_NAME>
     <CMPNAME>WDDOMODIFYVIEW</CMPNAME>
     <VERSION>A</VERSION>
     <CMPTYPE>CL_WDY_MD_CONTROLLER_METHOD</CMPTYPE>
     <VISIBILITY>2</VISIBILITY>
     <DISPLAY_NAME>WDDOMODIFYVIEW</DISPLAY_NAME>
    </WDY_CTLR_COMPO_VRS>
    <WDY_CTLR_COMPO_VRS>
     <COMPONENT_NAME>ZZD530_NET310_CTRL</COMPONENT_NAME>
     <CONTROLLER_NAME>OUTPUT_VIEW</CONTROLLER_NAME>
     <CMPNAME>WDDOONCONTEXTMENU</CMPNAME>
     <VERSION>A</VERSION>
     <CMPTYPE>CL_WDY_MD_CONTROLLER_METHOD</CMPTYPE>
     <VISIBILITY>2</VISIBILITY>
     <DISPLAY_NAME>WDDOONCONTEXTMENU</DISPLAY_NAME>
    </WDY_CTLR_COMPO_VRS>
   </COMPONENTS>
   <SOURCES>
    <WDY_CTLR_COMPO_SOURCE_VRS>
     <COMPONENT_NAME>ZZD530_NET310_CTRL</COMPONENT_NAME>
     <CONTROLLER_NAME>COMPONENTCONTROLLER</CONTROLLER_NAME>
     <CMPNAME>WDDOAPPLICATIONSTATECHANGE</CMPNAME>
     <LINE_NUMBER>1</LINE_NUMBER>
     <SOURCE_LINE>method WDDOAPPLICATIONSTATECHANGE .</SOURCE_LINE>
    </WDY_CTLR_COMPO_SOURCE_VRS>
    <WDY_CTLR_COMPO_SOURCE_VRS>
     <COMPONENT_NAME>ZZD530_NET310_CTRL</COMPONENT_NAME>
     <CONTROLLER_NAME>COMPONENTCONTROLLER</CONTROLLER_NAME>
     <CMPNAME>WDDOAPPLICATIONSTATECHANGE</CMPNAME>
     <LINE_NUMBER>2</LINE_NUMBER>
     <SOURCE_LINE>endmethod.</SOURCE_LINE>
    </WDY_CTLR_COMPO_SOURCE_VRS>
    <WDY_CTLR_COMPO_SOURCE_VRS>
     <COMPONENT_NAME>ZZD530_NET310_CTRL</COMPONENT_NAME>
     <CONTROLLER_NAME>COMPONENTCONTROLLER</CONTROLLER_NAME>
     <CMPNAME>WDDOBEFORENAVIGATION</CMPNAME>
     <LINE_NUMBER>1</LINE_NUMBER>
     <SOURCE_LINE>method WDDOBEFORENAVIGATION .</SOURCE_LINE>
    </WDY_CTLR_COMPO_SOURCE_VRS>
    <WDY_CTLR_COMPO_SOURCE_VRS>
     <COMPONENT_NAME>ZZD530_NET310_CTRL</COMPONENT_NAME>
     <CONTROLLER_NAME>COMPONENTCONTROLLER</CONTROLLER_NAME>
     <CMPNAME>WDDOBEFORENAVIGATION</CMPNAME>
     <LINE_NUMBER>2</LINE_NUMBER>
     <SOURCE_LINE>endmethod.</SOURCE_LINE>
    </WDY_CTLR_COMPO_SOURCE_VRS>
    <WDY_CTLR_COMPO_SOURCE_VRS>
     <COMPONENT_NAME>ZZD530_NET310_CTRL</COMPONENT_NAME>
     <CONTROLLER_NAME>COMPONENTCONTROLLER</CONTROLLER_NAME>
     <CMPNAME>WDDOEXIT</CMPNAME>
     <LINE_NUMBER>1</LINE_NUMBER>
     <SOURCE_LINE>method WDDOEXIT .</SOURCE_LINE>
    </WDY_CTLR_COMPO_SOURCE_VRS>
    <WDY_CTLR_COMPO_SOURCE_VRS>
     <COMPONENT_NAME>ZZD530_NET310_CTRL</COMPONENT_NAME>
     <CONTROLLER_NAME>COMPONENTCONTROLLER</CONTROLLER_NAME>
     <CMPNAME>WDDOEXIT</CMPNAME>
     <LINE_NUMBER>2</LINE_NUMBER>
     <SOURCE_LINE>endmethod.</SOURCE_LINE>
    </WDY_CTLR_COMPO_SOURCE_VRS>
    <WDY_CTLR_COMPO_SOURCE_VRS>
     <COMPONENT_NAME>ZZD530_NET310_CTRL</COMPONENT_NAME>
     <CONTROLLER_NAME>COMPONENTCONTROLLER</CONTROLLER_NAME>
     <CMPNAME>WDDOINIT</CMPNAME>
     <LINE_NUMBER>1</LINE_NUMBER>
     <SOURCE_LINE>method WDDOINIT .</SOURCE_LINE>
    </WDY_CTLR_COMPO_SOURCE_VRS>
    <WDY_CTLR_COMPO_SOURCE_VRS>
     <COMPONENT_NAME>ZZD530_NET310_CTRL</COMPONENT_NAME>
     <CONTROLLER_NAME>COMPONENTCONTROLLER</CONTROLLER_NAME>
     <CMPNAME>WDDOINIT</CMPNAME>
     <LINE_NUMBER>2</LINE_NUMBER>
     <SOURCE_LINE>endmethod.</SOURCE_LINE>
    </WDY_CTLR_COMPO_SOURCE_VRS>
    <WDY_CTLR_COMPO_SOURCE_VRS>
     <COMPONENT_NAME>ZZD530_NET310_CTRL</COMPONENT_NAME>
     <CONTROLLER_NAME>COMPONENTCONTROLLER</CONTROLLER_NAME>
     <CMPNAME>WDDOPOSTPROCESSING</CMPNAME>
     <LINE_NUMBER>1</LINE_NUMBER>
     <SOURCE_LINE>method WDDOPOSTPROCESSING .</SOURCE_LINE>
    </WDY_CTLR_COMPO_SOURCE_VRS>
    <WDY_CTLR_COMPO_SOURCE_VRS>
     <COMPONENT_NAME>ZZD530_NET310_CTRL</COMPONENT_NAME>
     <CONTROLLER_NAME>COMPONENTCONTROLLER</CONTROLLER_NAME>
     <CMPNAME>WDDOPOSTPROCESSING</CMPNAME>
     <LINE_NUMBER>2</LINE_NUMBER>
     <SOURCE_LINE>endmethod.</SOURCE_LINE>
    </WDY_CTLR_COMPO_SOURCE_VRS>
    <WDY_CTLR_COMPO_SOURCE_VRS>
     <COMPONENT_NAME>ZZD530_NET310_CTRL</COMPONENT_NAME>
     <CONTROLLER_NAME>INPUT_VIEW</CONTROLLER_NAME>
     <CMPNAME>HANDLEIN_DEFAULT</CMPNAME>
     <LINE_NUMBER>1</LINE_NUMBER>
     <SOURCE_LINE>method HANDLEIN_DEFAULT .</SOURCE_LINE>
    </WDY_CTLR_COMPO_SOURCE_VRS>
    <WDY_CTLR_COMPO_SOURCE_VRS>
     <COMPONENT_NAME>ZZD530_NET310_CTRL</COMPONENT_NAME>
     <CONTROLLER_NAME>INPUT_VIEW</CONTROLLER_NAME>
     <CMPNAME>HANDLEIN_DEFAULT</CMPNAME>
     <LINE_NUMBER>2</LINE_NUMBER>
     <SOURCE_LINE>endmethod.</SOURCE_LINE>
    </WDY_CTLR_COMPO_SOURCE_VRS>
    <WDY_CTLR_COMPO_SOURCE_VRS>
     <COMPONENT_NAME>ZZD530_NET310_CTRL</COMPONENT_NAME>
     <CONTROLLER_NAME>INPUT_VIEW</CONTROLLER_NAME>
     <CMPNAME>ONACTIONDISPLAY_DETAIL</CMPNAME>
     <LINE_NUMBER>1</LINE_NUMBER>
     <SOURCE_LINE>method ONACTIONDISPLAY_DETAIL .</SOURCE_LINE>
    </WDY_CTLR_COMPO_SOURCE_VRS>
    <WDY_CTLR_COMPO_SOURCE_VRS>
     <COMPONENT_NAME>ZZD530_NET310_CTRL</COMPONENT_NAME>
     <CONTROLLER_NAME>INPUT_VIEW</CONTROLLER_NAME>
     <CMPNAME>ONACTIONDISPLAY_DETAIL</CMPNAME>
     <LINE_NUMBER>2</LINE_NUMBER>
     <SOURCE_LINE>  wd_this-&gt;fire_out_details_plg(</SOURCE_LINE>
    </WDY_CTLR_COMPO_SOURCE_VRS>
    <WDY_CTLR_COMPO_SOURCE_VRS>
     <COMPONENT_NAME>ZZD530_NET310_CTRL</COMPONENT_NAME>
     <CONTROLLER_NAME>INPUT_VIEW</CONTROLLER_NAME>
     <CMPNAME>ONACTIONDISPLAY_DETAIL</CMPNAME>
     <LINE_NUMBER>3</LINE_NUMBER>
     <SOURCE_LINE>  ).</SOURCE_LINE>
    </WDY_CTLR_COMPO_SOURCE_VRS>
    <WDY_CTLR_COMPO_SOURCE_VRS>
     <COMPONENT_NAME>ZZD530_NET310_CTRL</COMPONENT_NAME>
     <CONTROLLER_NAME>INPUT_VIEW</CONTROLLER_NAME>
     <CMPNAME>ONACTIONDISPLAY_DETAIL</CMPNAME>
     <LINE_NUMBER>4</LINE_NUMBER>
     <SOURCE_LINE>endmethod.</SOURCE_LINE>
    </WDY_CTLR_COMPO_SOURCE_VRS>
    <WDY_CTLR_COMPO_SOURCE_VRS>
     <COMPONENT_NAME>ZZD530_NET310_CTRL</COMPONENT_NAME>
     <CONTROLLER_NAME>INPUT_VIEW</CONTROLLER_NAME>
     <CMPNAME>WDDOAFTERACTION</CMPNAME>
     <LINE_NUMBER>1</LINE_NUMBER>
     <SOURCE_LINE>method WDDOAFTERACTION .</SOURCE_LINE>
    </WDY_CTLR_COMPO_SOURCE_VRS>
    <WDY_CTLR_COMPO_SOURCE_VRS>
     <COMPONENT_NAME>ZZD530_NET310_CTRL</COMPONENT_NAME>
     <CONTROLLER_NAME>INPUT_VIEW</CONTROLLER_NAME>
     <CMPNAME>WDDOAFTERACTION</CMPNAME>
     <LINE_NUMBER>2</LINE_NUMBER>
     <SOURCE_LINE>endmethod.</SOURCE_LINE>
    </WDY_CTLR_COMPO_SOURCE_VRS>
    <WDY_CTLR_COMPO_SOURCE_VRS>
     <COMPONENT_NAME>ZZD530_NET310_CTRL</COMPONENT_NAME>
     <CONTROLLER_NAME>INPUT_VIEW</CONTROLLER_NAME>
     <CMPNAME>WDDOBEFOREACTION</CMPNAME>
     <LINE_NUMBER>1</LINE_NUMBER>
     <SOURCE_LINE>method WDDOBEFOREACTION .</SOURCE_LINE>
    </WDY_CTLR_COMPO_SOURCE_VRS>
    <WDY_CTLR_COMPO_SOURCE_VRS>
     <COMPONENT_NAME>ZZD530_NET310_CTRL</COMPONENT_NAME>
     <CONTROLLER_NAME>INPUT_VIEW</CONTROLLER_NAME>
     <CMPNAME>WDDOBEFOREACTION</CMPNAME>
     <LINE_NUMBER>2</LINE_NUMBER>
     <SOURCE_LINE>*  data lo_api_controller type ref to if_wd_view_controller.</SOURCE_LINE>
    </WDY_CTLR_COMPO_SOURCE_VRS>
    <WDY_CTLR_COMPO_SOURCE_VRS>
     <COMPONENT_NAME>ZZD530_NET310_CTRL</COMPONENT_NAME>
     <CONTROLLER_NAME>INPUT_VIEW</CONTROLLER_NAME>
     <CMPNAME>WDDOBEFOREACTION</CMPNAME>
     <LINE_NUMBER>3</LINE_NUMBER>
     <SOURCE_LINE>*  data lo_action         type ref to if_wd_action.</SOURCE_LINE>
    </WDY_CTLR_COMPO_SOURCE_VRS>
    <WDY_CTLR_COMPO_SOURCE_VRS>
     <COMPONENT_NAME>ZZD530_NET310_CTRL</COMPONENT_NAME>
     <CONTROLLER_NAME>INPUT_VIEW</CONTROLLER_NAME>
     <CMPNAME>WDDOBEFOREACTION</CMPNAME>
     <LINE_NUMBER>4</LINE_NUMBER>
    </WDY_CTLR_COMPO_SOURCE_VRS>
    <WDY_CTLR_COMPO_SOURCE_VRS>
     <COMPONENT_NAME>ZZD530_NET310_CTRL</COMPONENT_NAME>
     <CONTROLLER_NAME>INPUT_VIEW</CONTROLLER_NAME>
     <CMPNAME>WDDOBEFOREACTION</CMPNAME>
     <LINE_NUMBER>5</LINE_NUMBER>
     <SOURCE_LINE>*  lo_api_controller = wd_this-&gt;wd_get_api( ).</SOURCE_LINE>
    </WDY_CTLR_COMPO_SOURCE_VRS>
    <WDY_CTLR_COMPO_SOURCE_VRS>
     <COMPONENT_NAME>ZZD530_NET310_CTRL</COMPONENT_NAME>
     <CONTROLLER_NAME>INPUT_VIEW</CONTROLLER_NAME>
     <CMPNAME>WDDOBEFOREACTION</CMPNAME>
     <LINE_NUMBER>6</LINE_NUMBER>
     <SOURCE_LINE>*  lo_action = lo_api_controller-&gt;get_current_action( ).</SOURCE_LINE>
    </WDY_CTLR_COMPO_SOURCE_VRS>
    <WDY_CTLR_COMPO_SOURCE_VRS>
     <COMPONENT_NAME>ZZD530_NET310_CTRL</COMPONENT_NAME>
     <CONTROLLER_NAME>INPUT_VIEW</CONTROLLER_NAME>
     <CMPNAME>WDDOBEFOREACTION</CMPNAME>
     <LINE_NUMBER>7</LINE_NUMBER>
    </WDY_CTLR_COMPO_SOURCE_VRS>
    <WDY_CTLR_COMPO_SOURCE_VRS>
     <COMPONENT_NAME>ZZD530_NET310_CTRL</COMPONENT_NAME>
     <CONTROLLER_NAME>INPUT_VIEW</CONTROLLER_NAME>
     <CMPNAME>WDDOBEFOREACTION</CMPNAME>
     <LINE_NUMBER>8</LINE_NUMBER>
     <SOURCE_LINE>*  if lo_action is bound.</SOURCE_LINE>
    </WDY_CTLR_COMPO_SOURCE_VRS>
    <WDY_CTLR_COMPO_SOURCE_VRS>
     <COMPONENT_NAME>ZZD530_NET310_CTRL</COMPONENT_NAME>
     <CONTROLLER_NAME>INPUT_VIEW</CONTROLLER_NAME>
     <CMPNAME>WDDOBEFOREACTION</CMPNAME>
     <LINE_NUMBER>9</LINE_NUMBER>
     <SOURCE_LINE>*    case lo_action-&gt;name.</SOURCE_LINE>
    </WDY_CTLR_COMPO_SOURCE_VRS>
    <WDY_CTLR_COMPO_SOURCE_VRS>
     <COMPONENT_NAME>ZZD530_NET310_CTRL</COMPONENT_NAME>
     <CONTROLLER_NAME>INPUT_VIEW</CONTROLLER_NAME>
     <CMPNAME>WDDOBEFOREACTION</CMPNAME>
     <LINE_NUMBER>10</LINE_NUMBER>
     <SOURCE_LINE>*      when &apos;...&apos;.</SOURCE_LINE>
    </WDY_CTLR_COMPO_SOURCE_VRS>
    <WDY_CTLR_COMPO_SOURCE_VRS>
     <COMPONENT_NAME>ZZD530_NET310_CTRL</COMPONENT_NAME>
     <CONTROLLER_NAME>INPUT_VIEW</CONTROLLER_NAME>
     <CMPNAME>WDDOBEFOREACTION</CMPNAME>
     <LINE_NUMBER>11</LINE_NUMBER>
    </WDY_CTLR_COMPO_SOURCE_VRS>
    <WDY_CTLR_COMPO_SOURCE_VRS>
     <COMPONENT_NAME>ZZD530_NET310_CTRL</COMPONENT_NAME>
     <CONTROLLER_NAME>INPUT_VIEW</CONTROLLER_NAME>
     <CMPNAME>WDDOBEFOREACTION</CMPNAME>
     <LINE_NUMBER>12</LINE_NUMBER>
     <SOURCE_LINE>*    endcase.</SOURCE_LINE>
    </WDY_CTLR_COMPO_SOURCE_VRS>
    <WDY_CTLR_COMPO_SOURCE_VRS>
     <COMPONENT_NAME>ZZD530_NET310_CTRL</COMPONENT_NAME>
     <CONTROLLER_NAME>INPUT_VIEW</CONTROLLER_NAME>
     <CMPNAME>WDDOBEFOREACTION</CMPNAME>
     <LINE_NUMBER>13</LINE_NUMBER>
     <SOURCE_LINE>*  endif.</SOURCE_LINE>
    </WDY_CTLR_COMPO_SOURCE_VRS>
    <WDY_CTLR_COMPO_SOURCE_VRS>
     <COMPONENT_NAME>ZZD530_NET310_CTRL</COMPONENT_NAME>
     <CONTROLLER_NAME>INPUT_VIEW</CONTROLLER_NAME>
     <CMPNAME>WDDOBEFOREACTION</CMPNAME>
     <LINE_NUMBER>14</LINE_NUMBER>
     <SOURCE_LINE>endmethod.</SOURCE_LINE>
    </WDY_CTLR_COMPO_SOURCE_VRS>
    <WDY_CTLR_COMPO_SOURCE_VRS>
     <COMPONENT_NAME>ZZD530_NET310_CTRL</COMPONENT_NAME>
     <CONTROLLER_NAME>INPUT_VIEW</CONTROLLER_NAME>
     <CMPNAME>WDDOEXIT</CMPNAME>
     <LINE_NUMBER>1</LINE_NUMBER>
     <SOURCE_LINE>method WDDOEXIT .</SOURCE_LINE>
    </WDY_CTLR_COMPO_SOURCE_VRS>
    <WDY_CTLR_COMPO_SOURCE_VRS>
     <COMPONENT_NAME>ZZD530_NET310_CTRL</COMPONENT_NAME>
     <CONTROLLER_NAME>INPUT_VIEW</CONTROLLER_NAME>
     <CMPNAME>WDDOEXIT</CMPNAME>
     <LINE_NUMBER>2</LINE_NUMBER>
     <SOURCE_LINE>endmethod.</SOURCE_LINE>
    </WDY_CTLR_COMPO_SOURCE_VRS>
    <WDY_CTLR_COMPO_SOURCE_VRS>
     <COMPONENT_NAME>ZZD530_NET310_CTRL</COMPONENT_NAME>
     <CONTROLLER_NAME>INPUT_VIEW</CONTROLLER_NAME>
     <CMPNAME>WDDOINIT</CMPNAME>
     <LINE_NUMBER>1</LINE_NUMBER>
     <SOURCE_LINE>method WDDOINIT .</SOURCE_LINE>
    </WDY_CTLR_COMPO_SOURCE_VRS>
    <WDY_CTLR_COMPO_SOURCE_VRS>
     <COMPONENT_NAME>ZZD530_NET310_CTRL</COMPONENT_NAME>
     <CONTROLLER_NAME>INPUT_VIEW</CONTROLLER_NAME>
     <CMPNAME>WDDOINIT</CMPNAME>
     <LINE_NUMBER>2</LINE_NUMBER>
     <SOURCE_LINE>endmethod.</SOURCE_LINE>
    </WDY_CTLR_COMPO_SOURCE_VRS>
    <WDY_CTLR_COMPO_SOURCE_VRS>
     <COMPONENT_NAME>ZZD530_NET310_CTRL</COMPONENT_NAME>
     <CONTROLLER_NAME>INPUT_VIEW</CONTROLLER_NAME>
     <CMPNAME>WDDOMODIFYVIEW</CMPNAME>
     <LINE_NUMBER>1</LINE_NUMBER>
     <SOURCE_LINE>method WDDOMODIFYVIEW .</SOURCE_LINE>
    </WDY_CTLR_COMPO_SOURCE_VRS>
    <WDY_CTLR_COMPO_SOURCE_VRS>
     <COMPONENT_NAME>ZZD530_NET310_CTRL</COMPONENT_NAME>
     <CONTROLLER_NAME>INPUT_VIEW</CONTROLLER_NAME>
     <CMPNAME>WDDOMODIFYVIEW</CMPNAME>
     <LINE_NUMBER>2</LINE_NUMBER>
     <SOURCE_LINE>endmethod.</SOURCE_LINE>
    </WDY_CTLR_COMPO_SOURCE_VRS>
    <WDY_CTLR_COMPO_SOURCE_VRS>
     <COMPONENT_NAME>ZZD530_NET310_CTRL</COMPONENT_NAME>
     <CONTROLLER_NAME>INPUT_VIEW</CONTROLLER_NAME>
     <CMPNAME>WDDOONCONTEXTMENU</CMPNAME>
     <LINE_NUMBER>1</LINE_NUMBER>
     <SOURCE_LINE>method WDDOONCONTEXTMENU .</SOURCE_LINE>
    </WDY_CTLR_COMPO_SOURCE_VRS>
    <WDY_CTLR_COMPO_SOURCE_VRS>
     <COMPONENT_NAME>ZZD530_NET310_CTRL</COMPONENT_NAME>
     <CONTROLLER_NAME>INPUT_VIEW</CONTROLLER_NAME>
     <CMPNAME>WDDOONCONTEXTMENU</CMPNAME>
     <LINE_NUMBER>2</LINE_NUMBER>
     <SOURCE_LINE>endmethod.</SOURCE_LINE>
    </WDY_CTLR_COMPO_SOURCE_VRS>
    <WDY_CTLR_COMPO_SOURCE_VRS>
     <COMPONENT_NAME>ZZD530_NET310_CTRL</COMPONENT_NAME>
     <CONTROLLER_NAME>MAIN_WINDOW</CONTROLLER_NAME>
     <CMPNAME>HANDLEDEFAULT</CMPNAME>
     <LINE_NUMBER>1</LINE_NUMBER>
     <SOURCE_LINE>method HANDLEDEFAULT .</SOURCE_LINE>
    </WDY_CTLR_COMPO_SOURCE_VRS>
    <WDY_CTLR_COMPO_SOURCE_VRS>
     <COMPONENT_NAME>ZZD530_NET310_CTRL</COMPONENT_NAME>
     <CONTROLLER_NAME>MAIN_WINDOW</CONTROLLER_NAME>
     <CMPNAME>HANDLEDEFAULT</CMPNAME>
     <LINE_NUMBER>2</LINE_NUMBER>
     <SOURCE_LINE>endmethod.</SOURCE_LINE>
    </WDY_CTLR_COMPO_SOURCE_VRS>
    <WDY_CTLR_COMPO_SOURCE_VRS>
     <COMPONENT_NAME>ZZD530_NET310_CTRL</COMPONENT_NAME>
     <CONTROLLER_NAME>MAIN_WINDOW</CONTROLLER_NAME>
     <CMPNAME>WDDOEXIT</CMPNAME>
     <LINE_NUMBER>1</LINE_NUMBER>
     <SOURCE_LINE>method WDDOEXIT .</SOURCE_LINE>
    </WDY_CTLR_COMPO_SOURCE_VRS>
    <WDY_CTLR_COMPO_SOURCE_VRS>
     <COMPONENT_NAME>ZZD530_NET310_CTRL</COMPONENT_NAME>
     <CONTROLLER_NAME>MAIN_WINDOW</CONTROLLER_NAME>
     <CMPNAME>WDDOEXIT</CMPNAME>
     <LINE_NUMBER>2</LINE_NUMBER>
     <SOURCE_LINE>endmethod.</SOURCE_LINE>
    </WDY_CTLR_COMPO_SOURCE_VRS>
    <WDY_CTLR_COMPO_SOURCE_VRS>
     <COMPONENT_NAME>ZZD530_NET310_CTRL</COMPONENT_NAME>
     <CONTROLLER_NAME>MAIN_WINDOW</CONTROLLER_NAME>
     <CMPNAME>WDDOINIT</CMPNAME>
     <LINE_NUMBER>1</LINE_NUMBER>
     <SOURCE_LINE>method WDDOINIT .</SOURCE_LINE>
    </WDY_CTLR_COMPO_SOURCE_VRS>
    <WDY_CTLR_COMPO_SOURCE_VRS>
     <COMPONENT_NAME>ZZD530_NET310_CTRL</COMPONENT_NAME>
     <CONTROLLER_NAME>MAIN_WINDOW</CONTROLLER_NAME>
     <CMPNAME>WDDOINIT</CMPNAME>
     <LINE_NUMBER>2</LINE_NUMBER>
     <SOURCE_LINE>endmethod.</SOURCE_LINE>
    </WDY_CTLR_COMPO_SOURCE_VRS>
    <WDY_CTLR_COMPO_SOURCE_VRS>
     <COMPONENT_NAME>ZZD530_NET310_CTRL</COMPONENT_NAME>
     <CONTROLLER_NAME>MAIN_WINDOW</CONTROLLER_NAME>
     <CMPNAME>WDDOONCLOSE</CMPNAME>
     <LINE_NUMBER>1</LINE_NUMBER>
     <SOURCE_LINE>method WDDOONCLOSE .</SOURCE_LINE>
    </WDY_CTLR_COMPO_SOURCE_VRS>
    <WDY_CTLR_COMPO_SOURCE_VRS>
     <COMPONENT_NAME>ZZD530_NET310_CTRL</COMPONENT_NAME>
     <CONTROLLER_NAME>MAIN_WINDOW</CONTROLLER_NAME>
     <CMPNAME>WDDOONCLOSE</CMPNAME>
     <LINE_NUMBER>2</LINE_NUMBER>
     <SOURCE_LINE>endmethod.</SOURCE_LINE>
    </WDY_CTLR_COMPO_SOURCE_VRS>
    <WDY_CTLR_COMPO_SOURCE_VRS>
     <COMPONENT_NAME>ZZD530_NET310_CTRL</COMPONENT_NAME>
     <CONTROLLER_NAME>MAIN_WINDOW</CONTROLLER_NAME>
     <CMPNAME>WDDOONOPEN</CMPNAME>
     <LINE_NUMBER>1</LINE_NUMBER>
     <SOURCE_LINE>method WDDOONOPEN .</SOURCE_LINE>
    </WDY_CTLR_COMPO_SOURCE_VRS>
    <WDY_CTLR_COMPO_SOURCE_VRS>
     <COMPONENT_NAME>ZZD530_NET310_CTRL</COMPONENT_NAME>
     <CONTROLLER_NAME>MAIN_WINDOW</CONTROLLER_NAME>
     <CMPNAME>WDDOONOPEN</CMPNAME>
     <LINE_NUMBER>2</LINE_NUMBER>
     <SOURCE_LINE>endmethod.</SOURCE_LINE>
    </WDY_CTLR_COMPO_SOURCE_VRS>
    <WDY_CTLR_COMPO_SOURCE_VRS>
     <COMPONENT_NAME>ZZD530_NET310_CTRL</COMPONENT_NAME>
     <CONTROLLER_NAME>OUTPUT_VIEW</CONTROLLER_NAME>
     <CMPNAME>HANDLEIN_DEFAULT</CMPNAME>
     <LINE_NUMBER>1</LINE_NUMBER>
     <SOURCE_LINE>method HANDLEIN_DEFAULT .</SOURCE_LINE>
    </WDY_CTLR_COMPO_SOURCE_VRS>
    <WDY_CTLR_COMPO_SOURCE_VRS>
     <COMPONENT_NAME>ZZD530_NET310_CTRL</COMPONENT_NAME>
     <CONTROLLER_NAME>OUTPUT_VIEW</CONTROLLER_NAME>
     <CMPNAME>HANDLEIN_DEFAULT</CMPNAME>
     <LINE_NUMBER>2</LINE_NUMBER>
     <SOURCE_LINE>endmethod.</SOURCE_LINE>
    </WDY_CTLR_COMPO_SOURCE_VRS>
    <WDY_CTLR_COMPO_SOURCE_VRS>
     <COMPONENT_NAME>ZZD530_NET310_CTRL</COMPONENT_NAME>
     <CONTROLLER_NAME>OUTPUT_VIEW</CONTROLLER_NAME>
     <CMPNAME>ONACTIONOUT_BACK</CMPNAME>
     <LINE_NUMBER>1</LINE_NUMBER>
     <SOURCE_LINE>method ONACTIONOUT_BACK .</SOURCE_LINE>
    </WDY_CTLR_COMPO_SOURCE_VRS>
    <WDY_CTLR_COMPO_SOURCE_VRS>
     <COMPONENT_NAME>ZZD530_NET310_CTRL</COMPONENT_NAME>
     <CONTROLLER_NAME>OUTPUT_VIEW</CONTROLLER_NAME>
     <CMPNAME>ONACTIONOUT_BACK</CMPNAME>
     <LINE_NUMBER>2</LINE_NUMBER>
     <SOURCE_LINE>  wd_this-&gt;fire_out_back_plg(</SOURCE_LINE>
    </WDY_CTLR_COMPO_SOURCE_VRS>
    <WDY_CTLR_COMPO_SOURCE_VRS>
     <COMPONENT_NAME>ZZD530_NET310_CTRL</COMPONENT_NAME>
     <CONTROLLER_NAME>OUTPUT_VIEW</CONTROLLER_NAME>
     <CMPNAME>ONACTIONOUT_BACK</CMPNAME>
     <LINE_NUMBER>3</LINE_NUMBER>
     <SOURCE_LINE>  ).</SOURCE_LINE>
    </WDY_CTLR_COMPO_SOURCE_VRS>
    <WDY_CTLR_COMPO_SOURCE_VRS>
     <COMPONENT_NAME>ZZD530_NET310_CTRL</COMPONENT_NAME>
     <CONTROLLER_NAME>OUTPUT_VIEW</CONTROLLER_NAME>
     <CMPNAME>ONACTIONOUT_BACK</CMPNAME>
     <LINE_NUMBER>4</LINE_NUMBER>
     <SOURCE_LINE>endmethod.</SOURCE_LINE>
    </WDY_CTLR_COMPO_SOURCE_VRS>
    <WDY_CTLR_COMPO_SOURCE_VRS>
     <COMPONENT_NAME>ZZD530_NET310_CTRL</COMPONENT_NAME>
     <CONTROLLER_NAME>OUTPUT_VIEW</CONTROLLER_NAME>
     <CMPNAME>WDDOAFTERACTION</CMPNAME>
     <LINE_NUMBER>1</LINE_NUMBER>
     <SOURCE_LINE>method WDDOAFTERACTION .</SOURCE_LINE>
    </WDY_CTLR_COMPO_SOURCE_VRS>
    <WDY_CTLR_COMPO_SOURCE_VRS>
     <COMPONENT_NAME>ZZD530_NET310_CTRL</COMPONENT_NAME>
     <CONTROLLER_NAME>OUTPUT_VIEW</CONTROLLER_NAME>
     <CMPNAME>WDDOAFTERACTION</CMPNAME>
     <LINE_NUMBER>2</LINE_NUMBER>
     <SOURCE_LINE>endmethod.</SOURCE_LINE>
    </WDY_CTLR_COMPO_SOURCE_VRS>
    <WDY_CTLR_COMPO_SOURCE_VRS>
     <COMPONENT_NAME>ZZD530_NET310_CTRL</COMPONENT_NAME>
     <CONTROLLER_NAME>OUTPUT_VIEW</CONTROLLER_NAME>
     <CMPNAME>WDDOBEFOREACTION</CMPNAME>
     <LINE_NUMBER>1</LINE_NUMBER>
     <SOURCE_LINE>method WDDOBEFOREACTION .</SOURCE_LINE>
    </WDY_CTLR_COMPO_SOURCE_VRS>
    <WDY_CTLR_COMPO_SOURCE_VRS>
     <COMPONENT_NAME>ZZD530_NET310_CTRL</COMPONENT_NAME>
     <CONTROLLER_NAME>OUTPUT_VIEW</CONTROLLER_NAME>
     <CMPNAME>WDDOBEFOREACTION</CMPNAME>
     <LINE_NUMBER>2</LINE_NUMBER>
     <SOURCE_LINE>*  data lo_api_controller type ref to if_wd_view_controller.</SOURCE_LINE>
    </WDY_CTLR_COMPO_SOURCE_VRS>
    <WDY_CTLR_COMPO_SOURCE_VRS>
     <COMPONENT_NAME>ZZD530_NET310_CTRL</COMPONENT_NAME>
     <CONTROLLER_NAME>OUTPUT_VIEW</CONTROLLER_NAME>
     <CMPNAME>WDDOBEFOREACTION</CMPNAME>
     <LINE_NUMBER>3</LINE_NUMBER>
     <SOURCE_LINE>*  data lo_action         type ref to if_wd_action.</SOURCE_LINE>
    </WDY_CTLR_COMPO_SOURCE_VRS>
    <WDY_CTLR_COMPO_SOURCE_VRS>
     <COMPONENT_NAME>ZZD530_NET310_CTRL</COMPONENT_NAME>
     <CONTROLLER_NAME>OUTPUT_VIEW</CONTROLLER_NAME>
     <CMPNAME>WDDOBEFOREACTION</CMPNAME>
     <LINE_NUMBER>4</LINE_NUMBER>
    </WDY_CTLR_COMPO_SOURCE_VRS>
    <WDY_CTLR_COMPO_SOURCE_VRS>
     <COMPONENT_NAME>ZZD530_NET310_CTRL</COMPONENT_NAME>
     <CONTROLLER_NAME>OUTPUT_VIEW</CONTROLLER_NAME>
     <CMPNAME>WDDOBEFOREACTION</CMPNAME>
     <LINE_NUMBER>5</LINE_NUMBER>
     <SOURCE_LINE>*  lo_api_controller = wd_this-&gt;wd_get_api( ).</SOURCE_LINE>
    </WDY_CTLR_COMPO_SOURCE_VRS>
    <WDY_CTLR_COMPO_SOURCE_VRS>
     <COMPONENT_NAME>ZZD530_NET310_CTRL</COMPONENT_NAME>
     <CONTROLLER_NAME>OUTPUT_VIEW</CONTROLLER_NAME>
     <CMPNAME>WDDOBEFOREACTION</CMPNAME>
     <LINE_NUMBER>6</LINE_NUMBER>
     <SOURCE_LINE>*  lo_action = lo_api_controller-&gt;get_current_action( ).</SOURCE_LINE>
    </WDY_CTLR_COMPO_SOURCE_VRS>
    <WDY_CTLR_COMPO_SOURCE_VRS>
     <COMPONENT_NAME>ZZD530_NET310_CTRL</COMPONENT_NAME>
     <CONTROLLER_NAME>OUTPUT_VIEW</CONTROLLER_NAME>
     <CMPNAME>WDDOBEFOREACTION</CMPNAME>
     <LINE_NUMBER>7</LINE_NUMBER>
    </WDY_CTLR_COMPO_SOURCE_VRS>
    <WDY_CTLR_COMPO_SOURCE_VRS>
     <COMPONENT_NAME>ZZD530_NET310_CTRL</COMPONENT_NAME>
     <CONTROLLER_NAME>OUTPUT_VIEW</CONTROLLER_NAME>
     <CMPNAME>WDDOBEFOREACTION</CMPNAME>
     <LINE_NUMBER>8</LINE_NUMBER>
     <SOURCE_LINE>*  if lo_action is bound.</SOURCE_LINE>
    </WDY_CTLR_COMPO_SOURCE_VRS>
    <WDY_CTLR_COMPO_SOURCE_VRS>
     <COMPONENT_NAME>ZZD530_NET310_CTRL</COMPONENT_NAME>
     <CONTROLLER_NAME>OUTPUT_VIEW</CONTROLLER_NAME>
     <CMPNAME>WDDOBEFOREACTION</CMPNAME>
     <LINE_NUMBER>9</LINE_NUMBER>
     <SOURCE_LINE>*    case lo_action-&gt;name.</SOURCE_LINE>
    </WDY_CTLR_COMPO_SOURCE_VRS>
    <WDY_CTLR_COMPO_SOURCE_VRS>
     <COMPONENT_NAME>ZZD530_NET310_CTRL</COMPONENT_NAME>
     <CONTROLLER_NAME>OUTPUT_VIEW</CONTROLLER_NAME>
     <CMPNAME>WDDOBEFOREACTION</CMPNAME>
     <LINE_NUMBER>10</LINE_NUMBER>
     <SOURCE_LINE>*      when &apos;...&apos;.</SOURCE_LINE>
    </WDY_CTLR_COMPO_SOURCE_VRS>
    <WDY_CTLR_COMPO_SOURCE_VRS>
     <COMPONENT_NAME>ZZD530_NET310_CTRL</COMPONENT_NAME>
     <CONTROLLER_NAME>OUTPUT_VIEW</CONTROLLER_NAME>
     <CMPNAME>WDDOBEFOREACTION</CMPNAME>
     <LINE_NUMBER>11</LINE_NUMBER>
    </WDY_CTLR_COMPO_SOURCE_VRS>
    <WDY_CTLR_COMPO_SOURCE_VRS>
     <COMPONENT_NAME>ZZD530_NET310_CTRL</COMPONENT_NAME>
     <CONTROLLER_NAME>OUTPUT_VIEW</CONTROLLER_NAME>
     <CMPNAME>WDDOBEFOREACTION</CMPNAME>
     <LINE_NUMBER>12</LINE_NUMBER>
     <SOURCE_LINE>*    endcase.</SOURCE_LINE>
    </WDY_CTLR_COMPO_SOURCE_VRS>
    <WDY_CTLR_COMPO_SOURCE_VRS>
     <COMPONENT_NAME>ZZD530_NET310_CTRL</COMPONENT_NAME>
     <CONTROLLER_NAME>OUTPUT_VIEW</CONTROLLER_NAME>
     <CMPNAME>WDDOBEFOREACTION</CMPNAME>
     <LINE_NUMBER>13</LINE_NUMBER>
     <SOURCE_LINE>*  endif.</SOURCE_LINE>
    </WDY_CTLR_COMPO_SOURCE_VRS>
    <WDY_CTLR_COMPO_SOURCE_VRS>
     <COMPONENT_NAME>ZZD530_NET310_CTRL</COMPONENT_NAME>
     <CONTROLLER_NAME>OUTPUT_VIEW</CONTROLLER_NAME>
     <CMPNAME>WDDOBEFOREACTION</CMPNAME>
     <LINE_NUMBER>14</LINE_NUMBER>
     <SOURCE_LINE>endmethod.</SOURCE_LINE>
    </WDY_CTLR_COMPO_SOURCE_VRS>
    <WDY_CTLR_COMPO_SOURCE_VRS>
     <COMPONENT_NAME>ZZD530_NET310_CTRL</COMPONENT_NAME>
     <CONTROLLER_NAME>OUTPUT_VIEW</CONTROLLER_NAME>
     <CMPNAME>WDDOEXIT</CMPNAME>
     <LINE_NUMBER>1</LINE_NUMBER>
     <SOURCE_LINE>method WDDOEXIT .</SOURCE_LINE>
    </WDY_CTLR_COMPO_SOURCE_VRS>
    <WDY_CTLR_COMPO_SOURCE_VRS>
     <COMPONENT_NAME>ZZD530_NET310_CTRL</COMPONENT_NAME>
     <CONTROLLER_NAME>OUTPUT_VIEW</CONTROLLER_NAME>
     <CMPNAME>WDDOEXIT</CMPNAME>
     <LINE_NUMBER>2</LINE_NUMBER>
     <SOURCE_LINE>endmethod.</SOURCE_LINE>
    </WDY_CTLR_COMPO_SOURCE_VRS>
    <WDY_CTLR_COMPO_SOURCE_VRS>
     <COMPONENT_NAME>ZZD530_NET310_CTRL</COMPONENT_NAME>
     <CONTROLLER_NAME>OUTPUT_VIEW</CONTROLLER_NAME>
     <CMPNAME>WDDOINIT</CMPNAME>
     <LINE_NUMBER>1</LINE_NUMBER>
     <SOURCE_LINE>method WDDOINIT .</SOURCE_LINE>
    </WDY_CTLR_COMPO_SOURCE_VRS>
    <WDY_CTLR_COMPO_SOURCE_VRS>
     <COMPONENT_NAME>ZZD530_NET310_CTRL</COMPONENT_NAME>
     <CONTROLLER_NAME>OUTPUT_VIEW</CONTROLLER_NAME>
     <CMPNAME>WDDOINIT</CMPNAME>
     <LINE_NUMBER>2</LINE_NUMBER>
     <SOURCE_LINE>endmethod.</SOURCE_LINE>
    </WDY_CTLR_COMPO_SOURCE_VRS>
    <WDY_CTLR_COMPO_SOURCE_VRS>
     <COMPONENT_NAME>ZZD530_NET310_CTRL</COMPONENT_NAME>
     <CONTROLLER_NAME>OUTPUT_VIEW</CONTROLLER_NAME>
     <CMPNAME>WDDOMODIFYVIEW</CMPNAME>
     <LINE_NUMBER>1</LINE_NUMBER>
     <SOURCE_LINE>method WDDOMODIFYVIEW .</SOURCE_LINE>
    </WDY_CTLR_COMPO_SOURCE_VRS>
    <WDY_CTLR_COMPO_SOURCE_VRS>
     <COMPONENT_NAME>ZZD530_NET310_CTRL</COMPONENT_NAME>
     <CONTROLLER_NAME>OUTPUT_VIEW</CONTROLLER_NAME>
     <CMPNAME>WDDOMODIFYVIEW</CMPNAME>
     <LINE_NUMBER>2</LINE_NUMBER>
     <SOURCE_LINE>endmethod.</SOURCE_LINE>
    </WDY_CTLR_COMPO_SOURCE_VRS>
    <WDY_CTLR_COMPO_SOURCE_VRS>
     <COMPONENT_NAME>ZZD530_NET310_CTRL</COMPONENT_NAME>
     <CONTROLLER_NAME>OUTPUT_VIEW</CONTROLLER_NAME>
     <CMPNAME>WDDOONCONTEXTMENU</CMPNAME>
     <LINE_NUMBER>1</LINE_NUMBER>
     <SOURCE_LINE>method WDDOONCONTEXTMENU .</SOURCE_LINE>
    </WDY_CTLR_COMPO_SOURCE_VRS>
    <WDY_CTLR_COMPO_SOURCE_VRS>
     <COMPONENT_NAME>ZZD530_NET310_CTRL</COMPONENT_NAME>
     <CONTROLLER_NAME>OUTPUT_VIEW</CONTROLLER_NAME>
     <CMPNAME>WDDOONCONTEXTMENU</CMPNAME>
     <LINE_NUMBER>2</LINE_NUMBER>
     <SOURCE_LINE>endmethod.</SOURCE_LINE>
    </WDY_CTLR_COMPO_SOURCE_VRS>
   </SOURCES>
  </asx:values>
 </asx:abap>
</abapGit>
