﻿<?xml version="1.0" encoding="utf-8"?>
<abapGit version="v1.0.0" serializer="LCL_OBJECT_CLAS" serializer_version="v1.0.0">
 <asx:abap xmlns:asx="http://www.sap.com/abapxml" version="1.0">
  <asx:values>
   <LINES>
    <TLINE>
     <TDFORMAT>U1</TDFORMAT>
     <TDLINE>&amp;FUNCTIONALITY&amp;</TDLINE>
    </TLINE>
    <TLINE>
     <TDFORMAT>AS</TDFORMAT>
     <TDLINE>Follow this link for a detailed explanation of this class:-</TDLINE>
    </TLINE>
    <TLINE>
     <TDFORMAT>AS</TDFORMAT>
     <TDLINE>http://scn.sap.com/community/abap/blog/2014/03/25/shoot-me-up-abap</TDLINE>
    </TLINE>
    <TLINE>
     <TDFORMAT>AS</TDFORMAT>
     <TDLINE>In essence this simplifies the creation of complex objects as you don&apos;t</TDLINE>
    </TLINE>
    <TLINE>
     <TDLINE>have to declare so many variables and have so many CREATE OBJECT</TDLINE>
    </TLINE>
    <TLINE>
     <TDLINE>statements.</TDLINE>
    </TLINE>
    <TLINE>
     <TDFORMAT>AS</TDFORMAT>
     <TDLINE>In addition you can change the subclass at runtime, which is useful for</TDLINE>
    </TLINE>
    <TLINE>
     <TDLINE>unit testing and also in a general sense.</TDLINE>
    </TLINE>
    <TLINE>
     <TDFORMAT>AS</TDFORMAT>
    </TLINE>
   </LINES>
   <DESCRIPTIONS>
    <SEOCOMPOTX>
     <CLSNAME>ZCL_BC_INJECTOR</CLSNAME>
     <CMPNAME>ACTIVATE_BUFFERING</CMPNAME>
     <LANGU>E</LANGU>
     <DESCRIPT>Activate Buffering of Created Objects</DESCRIPT>
    </SEOCOMPOTX>
    <SEOCOMPOTX>
     <CLSNAME>ZCL_BC_INJECTOR</CLSNAME>
     <CMPNAME>CREATE_PARAMETER_OBJECT</CMPNAME>
     <LANGU>E</LANGU>
     <DESCRIPT>Create Object Instance Parameter</DESCRIPT>
    </SEOCOMPOTX>
    <SEOCOMPOTX>
     <CLSNAME>ZCL_BC_INJECTOR</CLSNAME>
     <CMPNAME>CREATE_VIA_INJECTION</CMPNAME>
     <LANGU>E</LANGU>
     <DESCRIPT>Create an Object Instance via Dependency Injection</DESCRIPT>
    </SEOCOMPOTX>
    <SEOCOMPOTX>
     <CLSNAME>ZCL_BC_INJECTOR</CLSNAME>
     <CMPNAME>DATA_ELEMENT_PARAMETER</CMPNAME>
     <LANGU>E</LANGU>
     <DESCRIPT>Assign an elementray data object parameter</DESCRIPT>
    </SEOCOMPOTX>
    <SEOCOMPOTX>
     <CLSNAME>ZCL_BC_INJECTOR</CLSNAME>
     <CMPNAME>DEACTIVATE_BUFFERING</CMPNAME>
     <LANGU>E</LANGU>
     <DESCRIPT>Deactivate Buffering of Created Objects</DESCRIPT>
    </SEOCOMPOTX>
    <SEOCOMPOTX>
     <CLSNAME>ZCL_BC_INJECTOR</CLSNAME>
     <CMPNAME>DETERMINE_CLASS_TO_CREATE</CMPNAME>
     <LANGU>E</LANGU>
     <DESCRIPT>Determine exact type of class to create</DESCRIPT>
    </SEOCOMPOTX>
    <SEOCOMPOTX>
     <CLSNAME>ZCL_BC_INJECTOR</CLSNAME>
     <CMPNAME>DURING_CONSTRUCTION</CMPNAME>
     <LANGU>E</LANGU>
     <DESCRIPT>Add Paramater Name &amp; Value to &quot;Stack&quot;</DESCRIPT>
    </SEOCOMPOTX>
    <SEOCOMPOTX>
     <CLSNAME>ZCL_BC_INJECTOR</CLSNAME>
     <CMPNAME>FILL_CONSTRUCTOR_PARAMETERS</CMPNAME>
     <LANGU>E</LANGU>
     <DESCRIPT>Fill Constructor Parameters</DESCRIPT>
    </SEOCOMPOTX>
    <SEOCOMPOTX>
     <CLSNAME>ZCL_BC_INJECTOR</CLSNAME>
     <CMPNAME>FOR_THE</CMPNAME>
     <LANGU>E</LANGU>
     <DESCRIPT>Add Specific Class Instance to Implement to &quot;StacK&quot;</DESCRIPT>
    </SEOCOMPOTX>
    <SEOCOMPOTX>
     <CLSNAME>ZCL_BC_INJECTOR</CLSNAME>
     <CMPNAME>INSTEAD_OF</CMPNAME>
     <LANGU>E</LANGU>
     <DESCRIPT>Add Specific Class to Implement to &quot;Stack&quot;</DESCRIPT>
    </SEOCOMPOTX>
    <SEOCOMPOTX>
     <CLSNAME>ZCL_BC_INJECTOR</CLSNAME>
     <CMPNAME>MF_USE_BUFFERING</CMPNAME>
     <LANGU>E</LANGU>
     <DESCRIPT>Buffer Created Objects</DESCRIPT>
    </SEOCOMPOTX>
    <SEOCOMPOTX>
     <CLSNAME>ZCL_BC_INJECTOR</CLSNAME>
     <CMPNAME>OBJECT_PARAMETER</CMPNAME>
     <LANGU>E</LANGU>
     <DESCRIPT>Assign an object instance parameter</DESCRIPT>
    </SEOCOMPOTX>
    <SEOCOMPOTX>
     <CLSNAME>ZCL_BC_INJECTOR</CLSNAME>
     <CMPNAME>RESET</CMPNAME>
     <LANGU>E</LANGU>
     <DESCRIPT>Clear All Buffers</DESCRIPT>
    </SEOCOMPOTX>
   </DESCRIPTIONS>
  </asx:values>
 </asx:abap>
</abapGit>
