﻿<?xml version="1.0" encoding="utf-8"?>
<abapGit version="v1.0.0" serializer="LCL_OBJECT_CLAS" serializer_version="v1.0.0">
 <asx:abap xmlns:asx="http://www.sap.com/abapxml" version="1.0">
  <asx:values>
   <DESCRIPTIONS>
    <SEOCOMPOTX>
     <CLSNAME>ZCL_MONSTER_MODEL</CLSNAME>
     <CMPNAME>ARE_VALUES_DERIVATION_RELEVANT</CMPNAME>
     <LANGU>E</LANGU>
     <DESCRIPT>Are header values relevant for derivation?</DESCRIPT>
    </SEOCOMPOTX>
    <SEOCOMPOTX>
     <CLSNAME>ZCL_MONSTER_MODEL</CLSNAME>
     <CMPNAME>CONSTRUCTOR</CMPNAME>
     <LANGU>E</LANGU>
     <DESCRIPT>Constructor</DESCRIPT>
    </SEOCOMPOTX>
    <SEOCOMPOTX>
     <CLSNAME>ZCL_MONSTER_MODEL</CLSNAME>
     <CMPNAME>CREATE_MONSTER_RECORD</CMPNAME>
     <LANGU>E</LANGU>
     <DESCRIPT>Create Monster Record</DESCRIPT>
    </SEOCOMPOTX>
    <SEOCOMPOTX>
     <CLSNAME>ZCL_MONSTER_MODEL</CLSNAME>
     <CMPNAME>FILL_HEADER_DERIVED_FIELDS</CMPNAME>
     <LANGU>E</LANGU>
     <DESCRIPT>Derive some header fields values based upon others</DESCRIPT>
    </SEOCOMPOTX>
    <SEOCOMPOTX>
     <CLSNAME>ZCL_MONSTER_MODEL</CLSNAME>
     <CMPNAME>FILL_ITEM_DERIVED_FIELDS</CMPNAME>
     <LANGU>E</LANGU>
     <DESCRIPT>Derive some item fields values based upon others</DESCRIPT>
    </SEOCOMPOTX>
    <SEOCOMPOTX>
     <CLSNAME>ZCL_MONSTER_MODEL</CLSNAME>
     <CMPNAME>GET_INSTANCE</CMPNAME>
     <LANGU>E</LANGU>
     <DESCRIPT>Return a Monster Model Instance for a Monster Number</DESCRIPT>
    </SEOCOMPOTX>
    <SEOCOMPOTX>
     <CLSNAME>ZCL_MONSTER_MODEL</CLSNAME>
     <CMPNAME>HOWL_AT_THE_MOON</CMPNAME>
     <LANGU>E</LANGU>
     <DESCRIPT>Howl at the Moon</DESCRIPT>
    </SEOCOMPOTX>
    <SEOCOMPOTX>
     <CLSNAME>ZCL_MONSTER_MODEL</CLSNAME>
     <CMPNAME>IS_DERIVATION_RELEVANT</CMPNAME>
     <LANGU>E</LANGU>
     <DESCRIPT>Has a field changed that fill need derived values changing?</DESCRIPT>
    </SEOCOMPOTX>
    <SEOCOMPOTX>
     <CLSNAME>ZCL_MONSTER_MODEL</CLSNAME>
     <CMPNAME>MO_PL</CMPNAME>
     <LANGU>E</LANGU>
     <DESCRIPT>Monster Model Persitency Layer</DESCRIPT>
    </SEOCOMPOTX>
    <SEOCOMPOTX>
     <CLSNAME>ZCL_MONSTER_MODEL</CLSNAME>
     <CMPNAME>MO_RULES</CMPNAME>
     <LANGU>E</LANGU>
     <DESCRIPT>Monster Business Rules</DESCRIPT>
    </SEOCOMPOTX>
    <SEOCOMPOTX>
     <CLSNAME>ZCL_MONSTER_MODEL</CLSNAME>
     <CMPNAME>MT_MONSTER_MODELS</CMPNAME>
     <LANGU>E</LANGU>
     <DESCRIPT>Table of Monster Models</DESCRIPT>
    </SEOCOMPOTX>
    <SEOCOMPOTX>
     <CLSNAME>ZCL_MONSTER_MODEL</CLSNAME>
     <CMPNAME>RETRIEVE_HEADERS_BY_ATTRIBUTE</CMPNAME>
     <LANGU>E</LANGU>
     <DESCRIPT>Retrieve Headers by Attribute</DESCRIPT>
    </SEOCOMPOTX>
    <SEOCOMPOTX>
     <CLSNAME>ZCL_MONSTER_MODEL</CLSNAME>
     <CMPNAME>RETRIEVE_MONSTER_RECORD</CMPNAME>
     <LANGU>E</LANGU>
     <DESCRIPT>Get Monster Details for a Given Monster Number</DESCRIPT>
    </SEOCOMPOTX>
    <SEOCOMPOTX>
     <CLSNAME>ZCL_MONSTER_MODEL</CLSNAME>
     <CMPNAME>UPDATE_MONSTER_RECORD</CMPNAME>
     <LANGU>E</LANGU>
     <DESCRIPT>Update Monster Record</DESCRIPT>
    </SEOCOMPOTX>
    <SEOCOMPOTX>
     <CLSNAME>ZCL_MONSTER_MODEL</CLSNAME>
     <CMPNAME>VALIDATE_HOWL_ACTION</CMPNAME>
     <LANGU>E</LANGU>
     <DESCRIPT>Validate Howl Action</DESCRIPT>
    </SEOCOMPOTX>
    <SEOCOMPOTX>
     <CLSNAME>ZCL_MONSTER_MODEL</CLSNAME>
     <CMPNAME>VALIDATE_MONSTER_HEADER</CMPNAME>
     <LANGU>E</LANGU>
     <DESCRIPT>Get Consistency of Monster Header</DESCRIPT>
    </SEOCOMPOTX>
   </DESCRIPTIONS>
  </asx:values>
 </asx:abap>
</abapGit>
