﻿<?xml version="1.0" encoding="utf-8"?>
<abapGit version="v1.0.0" serializer="LCL_OBJECT_CLAS" serializer_version="v1.0.0">
 <asx:abap xmlns:asx="http://www.sap.com/abapxml" version="1.0">
  <asx:values>
   <DESCRIPTIONS>
    <SEOCOMPOTX>
     <CLSNAME>ZCL_MOCKUP_LOADER</CLSNAME>
     <CMPNAME>AT_STORE</CMPNAME>
     <LANGU>E</LANGU>
     <DESCRIPT>Store table</DESCRIPT>
    </SEOCOMPOTX>
    <SEOCOMPOTX>
     <CLSNAME>ZCL_MOCKUP_LOADER</CLSNAME>
     <CMPNAME>BUILD_FILTER</CMPNAME>
     <LANGU>E</LANGU>
     <DESCRIPT>Validate filter parameter and prepare filter structure</DESCRIPT>
    </SEOCOMPOTX>
    <SEOCOMPOTX>
     <CLSNAME>ZCL_MOCKUP_LOADER</CLSNAME>
     <CMPNAME>CLASS_CONSTRUCTOR</CMPNAME>
     <LANGU>E</LANGU>
     <DESCRIPT>Class constructor</DESCRIPT>
    </SEOCOMPOTX>
    <SEOCOMPOTX>
     <CLSNAME>ZCL_MOCKUP_LOADER</CLSNAME>
     <CMPNAME>CLASS_SET_PARAMS</CMPNAME>
     <LANGU>E</LANGU>
     <DESCRIPT>Set parameters (e.g. decimal separator)</DESCRIPT>
    </SEOCOMPOTX>
    <SEOCOMPOTX>
     <CLSNAME>ZCL_MOCKUP_LOADER</CLSNAME>
     <CMPNAME>CLASS_SET_SOURCE</CMPNAME>
     <LANGU>E</LANGU>
     <DESCRIPT>Set alternative load path</DESCRIPT>
    </SEOCOMPOTX>
    <SEOCOMPOTX>
     <CLSNAME>ZCL_MOCKUP_LOADER</CLSNAME>
     <CMPNAME>DOES_LINE_FIT_FILTER</CMPNAME>
     <LANGU>E</LANGU>
     <DESCRIPT>Check if data line fit filters</DESCRIPT>
    </SEOCOMPOTX>
    <SEOCOMPOTX>
     <CLSNAME>ZCL_MOCKUP_LOADER</CLSNAME>
     <CMPNAME>FREE_INSTANCE</CMPNAME>
     <LANGU>E</LANGU>
     <DESCRIPT>Free singleton instance</DESCRIPT>
    </SEOCOMPOTX>
    <SEOCOMPOTX>
     <CLSNAME>ZCL_MOCKUP_LOADER</CLSNAME>
     <CMPNAME>GET_INSTANCE</CMPNAME>
     <LANGU>E</LANGU>
     <DESCRIPT>Get instance</DESCRIPT>
    </SEOCOMPOTX>
    <SEOCOMPOTX>
     <CLSNAME>ZCL_MOCKUP_LOADER</CLSNAME>
     <CMPNAME>GO_INSTANCE</CMPNAME>
     <LANGU>E</LANGU>
     <DESCRIPT>Mockup loader</DESCRIPT>
    </SEOCOMPOTX>
    <SEOCOMPOTX>
     <CLSNAME>ZCL_MOCKUP_LOADER</CLSNAME>
     <CMPNAME>G_AMT_FORMAT</CMPNAME>
     <LANGU>E</LANGU>
     <DESCRIPT>Decimal separators (thousands+decimal)</DESCRIPT>
    </SEOCOMPOTX>
    <SEOCOMPOTX>
     <CLSNAME>ZCL_MOCKUP_LOADER</CLSNAME>
     <CMPNAME>G_ENCODING</CMPNAME>
     <LANGU>E</LANGU>
     <DESCRIPT>Text file encoding</DESCRIPT>
    </SEOCOMPOTX>
    <SEOCOMPOTX>
     <CLSNAME>ZCL_MOCKUP_LOADER</CLSNAME>
     <CMPNAME>G_MOCKUP_SRC_PATH</CMPNAME>
     <LANGU>E</LANGU>
     <DESCRIPT>Mockup load path/key</DESCRIPT>
    </SEOCOMPOTX>
    <SEOCOMPOTX>
     <CLSNAME>ZCL_MOCKUP_LOADER</CLSNAME>
     <CMPNAME>G_MOCKUP_SRC_TYPE</CMPNAME>
     <LANGU>E</LANGU>
     <DESCRIPT>Mockup load source type</DESCRIPT>
    </SEOCOMPOTX>
    <SEOCOMPOTX>
     <CLSNAME>ZCL_MOCKUP_LOADER</CLSNAME>
     <CMPNAME>INITIALIZE</CMPNAME>
     <LANGU>E</LANGU>
     <DESCRIPT>Initialize</DESCRIPT>
    </SEOCOMPOTX>
    <SEOCOMPOTX>
     <CLSNAME>ZCL_MOCKUP_LOADER</CLSNAME>
     <CMPNAME>LOAD_AND_STORE</CMPNAME>
     <LANGU>E</LANGU>
     <DESCRIPT>Load table from ZIP</DESCRIPT>
    </SEOCOMPOTX>
    <SEOCOMPOTX>
     <CLSNAME>ZCL_MOCKUP_LOADER</CLSNAME>
     <CMPNAME>LOAD_DATA</CMPNAME>
     <LANGU>E</LANGU>
     <DESCRIPT>Load table from ZIP</DESCRIPT>
    </SEOCOMPOTX>
    <SEOCOMPOTX>
     <CLSNAME>ZCL_MOCKUP_LOADER</CLSNAME>
     <CMPNAME>LOAD_RAW</CMPNAME>
     <LANGU>E</LANGU>
     <DESCRIPT>Load structure from ZIP</DESCRIPT>
    </SEOCOMPOTX>
    <SEOCOMPOTX>
     <CLSNAME>ZCL_MOCKUP_LOADER</CLSNAME>
     <CMPNAME>MAP_FILE_STRUCTURE</CMPNAME>
     <LANGU>E</LANGU>
     <DESCRIPT>Analyse structure</DESCRIPT>
    </SEOCOMPOTX>
    <SEOCOMPOTX>
     <CLSNAME>ZCL_MOCKUP_LOADER</CLSNAME>
     <CMPNAME>O_ZIP</CMPNAME>
     <LANGU>E</LANGU>
     <DESCRIPT>Zip Utility</DESCRIPT>
    </SEOCOMPOTX>
    <SEOCOMPOTX>
     <CLSNAME>ZCL_MOCKUP_LOADER</CLSNAME>
     <CMPNAME>PARSE_APPLY_EXIT</CMPNAME>
     <LANGU>E</LANGU>
     <DESCRIPT>Apply conversion exit</DESCRIPT>
    </SEOCOMPOTX>
    <SEOCOMPOTX>
     <CLSNAME>ZCL_MOCKUP_LOADER</CLSNAME>
     <CMPNAME>PARSE_DATA</CMPNAME>
     <LANGU>E</LANGU>
     <DESCRIPT>Parse data structure (temporary)</DESCRIPT>
    </SEOCOMPOTX>
    <SEOCOMPOTX>
     <CLSNAME>ZCL_MOCKUP_LOADER</CLSNAME>
     <CMPNAME>PARSE_FIELD</CMPNAME>
     <LANGU>E</LANGU>
     <DESCRIPT>Parse 1 field</DESCRIPT>
    </SEOCOMPOTX>
    <SEOCOMPOTX>
     <CLSNAME>ZCL_MOCKUP_LOADER</CLSNAME>
     <CMPNAME>PARSE_LINE</CMPNAME>
     <LANGU>E</LANGU>
     <DESCRIPT>Parse one data line</DESCRIPT>
    </SEOCOMPOTX>
    <SEOCOMPOTX>
     <CLSNAME>ZCL_MOCKUP_LOADER</CLSNAME>
     <CMPNAME>PURGE</CMPNAME>
     <LANGU>E</LANGU>
     <DESCRIPT>Retrieve data from store</DESCRIPT>
    </SEOCOMPOTX>
    <SEOCOMPOTX>
     <CLSNAME>ZCL_MOCKUP_LOADER</CLSNAME>
     <CMPNAME>READ_ZIP</CMPNAME>
     <LANGU>E</LANGU>
     <DESCRIPT>Read ZIP file</DESCRIPT>
    </SEOCOMPOTX>
    <SEOCOMPOTX>
     <CLSNAME>ZCL_MOCKUP_LOADER</CLSNAME>
     <CMPNAME>RETRIEVE</CMPNAME>
     <LANGU>E</LANGU>
     <DESCRIPT>Retrieve data from store</DESCRIPT>
    </SEOCOMPOTX>
    <SEOCOMPOTX>
     <CLSNAME>ZCL_MOCKUP_LOADER</CLSNAME>
     <CMPNAME>STORE</CMPNAME>
     <LANGU>E</LANGU>
     <DESCRIPT>Save data to store</DESCRIPT>
    </SEOCOMPOTX>
    <SEOCOMPOTX>
     <CLSNAME>ZCL_MOCKUP_LOADER</CLSNAME>
     <CMPNAME>_RETRIEVE</CMPNAME>
     <LANGU>E</LANGU>
     <DESCRIPT>Retrieve data from store HELPER</DESCRIPT>
    </SEOCOMPOTX>
    <SEOCOMPOTX>
     <CLSNAME>ZCL_MOCKUP_LOADER</CLSNAME>
     <CMPNAME>_STORE</CMPNAME>
     <LANGU>E</LANGU>
     <DESCRIPT>Save data to store HELPER</DESCRIPT>
    </SEOCOMPOTX>
   </DESCRIPTIONS>
  </asx:values>
 </asx:abap>
</abapGit>
