﻿<?xml version="1.0" encoding="utf-8"?>
<abapGit version="v1.0.0" serializer="LCL_OBJECT_CLAS" serializer_version="v1.0.0">
 <asx:abap xmlns:asx="http://www.sap.com/abapxml" version="1.0">
  <asx:values>
   <DESCRIPTIONS>
    <SEOCOMPOTX>
     <CLSNAME>ZCL_MONSTER</CLSNAME>
     <CMPNAME>ADD_NEW_HEAD</CMPNAME>
     <LANGU>E</LANGU>
     <DESCRIPT>Add a New Head</DESCRIPT>
    </SEOCOMPOTX>
    <SEOCOMPOTX>
     <CLSNAME>ZCL_MONSTER</CLSNAME>
     <CMPNAME>ARM_SWAP_OPERATION</CMPNAME>
     <LANGU>E</LANGU>
     <DESCRIPT>Arm Swap Operation</DESCRIPT>
    </SEOCOMPOTX>
    <SEOCOMPOTX>
     <CLSNAME>ZCL_MONSTER</CLSNAME>
     <CMPNAME>ATTACK_VILLAGERS</CMPNAME>
     <LANGU>E</LANGU>
     <DESCRIPT>Attack Villagers</DESCRIPT>
    </SEOCOMPOTX>
    <SEOCOMPOTX>
     <CLSNAME>ZCL_MONSTER</CLSNAME>
     <CMPNAME>CONSTRUCTOR</CMPNAME>
     <LANGU>E</LANGU>
     <DESCRIPT>Constructor</DESCRIPT>
    </SEOCOMPOTX>
    <SEOCOMPOTX>
     <CLSNAME>ZCL_MONSTER</CLSNAME>
     <CMPNAME>EYES_ARE_OPEN</CMPNAME>
     <LANGU>E</LANGU>
     <DESCRIPT>Are the Monsters Eyes Open?</DESCRIPT>
    </SEOCOMPOTX>
    <SEOCOMPOTX>
     <CLSNAME>ZCL_MONSTER</CLSNAME>
     <CMPNAME>FACTORY</CMPNAME>
     <LANGU>E</LANGU>
     <DESCRIPT>Monster Factory</DESCRIPT>
    </SEOCOMPOTX>
    <SEOCOMPOTX>
     <CLSNAME>ZCL_MONSTER</CLSNAME>
     <CMPNAME>GET_AHEAD_GET_A_HAT</CMPNAME>
     <LANGU>E</LANGU>
     <DESCRIPT>If you want to get ahead - Get a Hat!</DESCRIPT>
    </SEOCOMPOTX>
    <SEOCOMPOTX>
     <CLSNAME>ZCL_MONSTER</CLSNAME>
     <CMPNAME>GET_MONSTERS</CMPNAME>
     <LANGU>E</LANGU>
     <DESCRIPT>Get Monsters</DESCRIPT>
    </SEOCOMPOTX>
    <SEOCOMPOTX>
     <CLSNAME>ZCL_MONSTER</CLSNAME>
     <CMPNAME>HEAD_SWAP_OPERATION</CMPNAME>
     <LANGU>E</LANGU>
     <DESCRIPT>Head Swap Operation</DESCRIPT>
    </SEOCOMPOTX>
    <SEOCOMPOTX>
     <CLSNAME>ZCL_MONSTER</CLSNAME>
     <CMPNAME>HOWL_AT_MOON</CMPNAME>
     <LANGU>E</LANGU>
     <DESCRIPT>Howl at Moon</DESCRIPT>
    </SEOCOMPOTX>
    <SEOCOMPOTX>
     <CLSNAME>ZCL_MONSTER</CLSNAME>
     <CMPNAME>INVITE_TO_PARTY</CMPNAME>
     <LANGU>E</LANGU>
     <DESCRIPT>Invite Monster to Party</DESCRIPT>
    </SEOCOMPOTX>
    <SEOCOMPOTX>
     <CLSNAME>ZCL_MONSTER</CLSNAME>
     <CMPNAME>IS_IT_MAD</CMPNAME>
     <LANGU>E</LANGU>
     <DESCRIPT>Is the Monster Mad?</DESCRIPT>
    </SEOCOMPOTX>
    <SEOCOMPOTX>
     <CLSNAME>ZCL_MONSTER</CLSNAME>
     <CMPNAME>LEG_SWAP_OPERATION</CMPNAME>
     <LANGU>E</LANGU>
     <DESCRIPT>Leg Swap Operation</DESCRIPT>
    </SEOCOMPOTX>
    <SEOCOMPOTX>
     <CLSNAME>ZCL_MONSTER</CLSNAME>
     <CMPNAME>LOCK</CMPNAME>
     <LANGU>E</LANGU>
     <DESCRIPT>Lock Record</DESCRIPT>
    </SEOCOMPOTX>
    <SEOCOMPOTX>
     <CLSNAME>ZCL_MONSTER</CLSNAME>
     <CMPNAME>LOG</CMPNAME>
     <LANGU>E</LANGU>
     <DESCRIPT>Monster Log</DESCRIPT>
    </SEOCOMPOTX>
    <SEOCOMPOTX>
     <CLSNAME>ZCL_MONSTER</CLSNAME>
     <CMPNAME>MD_NAME</CMPNAME>
     <LANGU>E</LANGU>
     <DESCRIPT>Monster Name</DESCRIPT>
    </SEOCOMPOTX>
    <SEOCOMPOTX>
     <CLSNAME>ZCL_MONSTER</CLSNAME>
     <CMPNAME>NO_OF_EYES</CMPNAME>
     <LANGU>E</LANGU>
     <DESCRIPT>Number of Eyes</DESCRIPT>
    </SEOCOMPOTX>
    <SEOCOMPOTX>
     <CLSNAME>ZCL_MONSTER</CLSNAME>
     <CMPNAME>NO_OF_HEADS</CMPNAME>
     <LANGU>E</LANGU>
     <DESCRIPT>Number of Heads</DESCRIPT>
    </SEOCOMPOTX>
    <SEOCOMPOTX>
     <CLSNAME>ZCL_MONSTER</CLSNAME>
     <CMPNAME>OPEN_MONSTERS_EYES</CMPNAME>
     <LANGU>E</LANGU>
     <DESCRIPT>Open the Monsters Eyes</DESCRIPT>
    </SEOCOMPOTX>
    <SEOCOMPOTX>
     <CLSNAME>ZCL_MONSTER</CLSNAME>
     <CMPNAME>REATTACH_OLD_HEAD</CMPNAME>
     <LANGU>E</LANGU>
     <DESCRIPT>Reattach Old Head</DESCRIPT>
    </SEOCOMPOTX>
    <SEOCOMPOTX>
     <CLSNAME>ZCL_MONSTER</CLSNAME>
     <CMPNAME>REMOVE_CURRENT_HEAD</CMPNAME>
     <LANGU>E</LANGU>
     <DESCRIPT>Remove Current Head</DESCRIPT>
    </SEOCOMPOTX>
    <SEOCOMPOTX>
     <CLSNAME>ZCL_MONSTER</CLSNAME>
     <CMPNAME>SELL_MORTGAGES</CMPNAME>
     <LANGU>E</LANGU>
     <DESCRIPT>Sell Mortgages</DESCRIPT>
    </SEOCOMPOTX>
    <SEOCOMPOTX>
     <CLSNAME>ZCL_MONSTER</CLSNAME>
     <CMPNAME>TERRORIZE_VILLAGE</CMPNAME>
     <LANGU>E</LANGU>
     <DESCRIPT>Terrorize Village</DESCRIPT>
    </SEOCOMPOTX>
    <SEOCOMPOTX>
     <CLSNAME>ZCL_MONSTER</CLSNAME>
     <CMPNAME>UNLOCK</CMPNAME>
     <LANGU>E</LANGU>
     <DESCRIPT>Unlock Record</DESCRIPT>
    </SEOCOMPOTX>
   </DESCRIPTIONS>
  </asx:values>
 </asx:abap>
</abapGit>
