﻿<?xml version="1.0" encoding="utf-8"?>
<abapGit version="v1.0.0" serializer="LCL_OBJECT_CLAS" serializer_version="v1.0.0">
 <asx:abap xmlns:asx="http://www.sap.com/abapxml" version="1.0">
  <asx:values>
   <DESCRIPTIONS>
    <SEOCOMPOTX>
     <CLSNAME>ZCL_MONSTER_MODEL_PERS_BOPF</CLSNAME>
     <CMPNAME>CONSTRUCTOR</CMPNAME>
     <LANGU>E</LANGU>
     <DESCRIPT>Constructor</DESCRIPT>
    </SEOCOMPOTX>
    <SEOCOMPOTX>
     <CLSNAME>ZCL_MONSTER_MODEL_PERS_BOPF</CLSNAME>
     <CMPNAME>EXTERNAL_HEADERS_VIEW</CMPNAME>
     <LANGU>E</LANGU>
     <DESCRIPT>Adapt BOPF Header Records</DESCRIPT>
    </SEOCOMPOTX>
    <SEOCOMPOTX>
     <CLSNAME>ZCL_MONSTER_MODEL_PERS_BOPF</CLSNAME>
     <CMPNAME>EXTERNAL_HEADER_VIEW</CMPNAME>
     <LANGU>E</LANGU>
     <DESCRIPT>Adapt BOPF Header Record</DESCRIPT>
    </SEOCOMPOTX>
    <SEOCOMPOTX>
     <CLSNAME>ZCL_MONSTER_MODEL_PERS_BOPF</CLSNAME>
     <CMPNAME>EXTERNAL_ITEM_VIEW</CMPNAME>
     <LANGU>E</LANGU>
     <DESCRIPT>Adapt BOPF Item Records</DESCRIPT>
    </SEOCOMPOTX>
    <SEOCOMPOTX>
     <CLSNAME>ZCL_MONSTER_MODEL_PERS_BOPF</CLSNAME>
     <CMPNAME>GET_BOPF_KEY_4_MONSTER_NUMBER</CMPNAME>
     <LANGU>E</LANGU>
     <DESCRIPT>Given a Monster Number, Return the BOPF Key</DESCRIPT>
    </SEOCOMPOTX>
    <SEOCOMPOTX>
     <CLSNAME>ZCL_MONSTER_MODEL_PERS_BOPF</CLSNAME>
     <CMPNAME>MO_BOPF_PL_HELPER</CMPNAME>
     <LANGU>E</LANGU>
     <DESCRIPT>BOPF Persistency Layer Helper</DESCRIPT>
    </SEOCOMPOTX>
    <SEOCOMPOTX>
     <CLSNAME>ZCL_MONSTER_MODEL_PERS_BOPF</CLSNAME>
     <CMPNAME>MO_OBJECT_CONFIGURATION</CMPNAME>
     <LANGU>E</LANGU>
     <DESCRIPT>Interface for Configuration</DESCRIPT>
    </SEOCOMPOTX>
    <SEOCOMPOTX>
     <CLSNAME>ZCL_MONSTER_MODEL_PERS_BOPF</CLSNAME>
     <CMPNAME>MO_SERVICE_MANAGER</CMPNAME>
     <LANGU>E</LANGU>
     <DESCRIPT>Containing the public service methods of a service manager</DESCRIPT>
    </SEOCOMPOTX>
    <SEOCOMPOTX>
     <CLSNAME>ZCL_MONSTER_MODEL_PERS_BOPF</CLSNAME>
     <CMPNAME>MO_TRANSACTION_MANAGER</CMPNAME>
     <LANGU>E</LANGU>
     <DESCRIPT>Interface of the standalone transaction manager</DESCRIPT>
    </SEOCOMPOTX>
   </DESCRIPTIONS>
  </asx:values>
 </asx:abap>
</abapGit>
