﻿<?xml version="1.0" encoding="utf-8"?>
<abapGit version="v1.0.0" serializer="LCL_OBJECT_CLAS" serializer_version="v1.0.0">
 <asx:abap xmlns:asx="http://www.sap.com/abapxml" version="1.0">
  <asx:values>
   <DESCRIPTIONS>
    <SEOCOMPOTX>
     <CLSNAME>ZCL_MONSTER_SIM_PERS_LAYER</CLSNAME>
     <CMPNAME>CONSTRUCTOR</CMPNAME>
     <LANGU>E</LANGU>
     <DESCRIPT>Constructor</DESCRIPT>
    </SEOCOMPOTX>
    <SEOCOMPOTX>
     <CLSNAME>ZCL_MONSTER_SIM_PERS_LAYER</CLSNAME>
     <CMPNAME>MD_VALID_ON</CMPNAME>
     <LANGU>E</LANGU>
     <DESCRIPT>Read Data Valid On</DESCRIPT>
    </SEOCOMPOTX>
    <SEOCOMPOTX>
     <CLSNAME>ZCL_MONSTER_SIM_PERS_LAYER</CLSNAME>
     <CMPNAME>MO_LOGGER</CMPNAME>
     <LANGU>E</LANGU>
     <DESCRIPT>Monster Logging Object</DESCRIPT>
    </SEOCOMPOTX>
   </DESCRIPTIONS>
  </asx:values>
 </asx:abap>
</abapGit>
