﻿<?xml version="1.0" encoding="utf-8"?>
<abapGit version="v1.0.0" serializer="LCL_OBJECT_CLAS" serializer_version="v1.0.0">
 <asx:abap xmlns:asx="http://www.sap.com/abapxml" version="1.0">
  <asx:values>
   <DESCRIPTIONS>
    <SEOCOMPOTX>
     <CLSNAME>ZCL_MONSTER_SIMULATOR</CLSNAME>
     <CMPNAME>CONSTRUCTOR</CMPNAME>
     <LANGU>E</LANGU>
     <DESCRIPT>Constructor</DESCRIPT>
    </SEOCOMPOTX>
    <SEOCOMPOTX>
     <CLSNAME>ZCL_MONSTER_SIMULATOR</CLSNAME>
     <CMPNAME>GET_COMPONENT_SPLIT</CMPNAME>
     <LANGU>E</LANGU>
     <DESCRIPT>Get Split between SSATN and SSPDT</DESCRIPT>
    </SEOCOMPOTX>
    <SEOCOMPOTX>
     <CLSNAME>ZCL_MONSTER_SIMULATOR</CLSNAME>
     <CMPNAME>MD_BOLTS_IN_NECK</CMPNAME>
     <LANGU>E</LANGU>
     <DESCRIPT>Number of Bolts in Neck</DESCRIPT>
    </SEOCOMPOTX>
    <SEOCOMPOTX>
     <CLSNAME>ZCL_MONSTER_SIMULATOR</CLSNAME>
     <CMPNAME>MD_COLOR</CMPNAME>
     <LANGU>E</LANGU>
     <DESCRIPT>Monster Color</DESCRIPT>
    </SEOCOMPOTX>
    <SEOCOMPOTX>
     <CLSNAME>ZCL_MONSTER_SIMULATOR</CLSNAME>
     <CMPNAME>MD_CREATOR</CMPNAME>
     <LANGU>E</LANGU>
     <DESCRIPT>Mad Scientist who Created the Monster</DESCRIPT>
    </SEOCOMPOTX>
    <SEOCOMPOTX>
     <CLSNAME>ZCL_MONSTER_SIMULATOR</CLSNAME>
     <CMPNAME>MD_FLUFFINESS</CMPNAME>
     <LANGU>E</LANGU>
     <DESCRIPT>Monster Fluffiness Factor</DESCRIPT>
    </SEOCOMPOTX>
    <SEOCOMPOTX>
     <CLSNAME>ZCL_MONSTER_SIMULATOR</CLSNAME>
     <CMPNAME>MD_SCARINESS</CMPNAME>
     <LANGU>E</LANGU>
     <DESCRIPT>Monster Scariness</DESCRIPT>
    </SEOCOMPOTX>
    <SEOCOMPOTX>
     <CLSNAME>ZCL_MONSTER_SIMULATOR</CLSNAME>
     <CMPNAME>MO_LOGGER</CMPNAME>
     <LANGU>E</LANGU>
     <DESCRIPT>Monster Logging Object</DESCRIPT>
    </SEOCOMPOTX>
    <SEOCOMPOTX>
     <CLSNAME>ZCL_MONSTER_SIMULATOR</CLSNAME>
     <CMPNAME>MO_PERS_LAYER</CMPNAME>
     <LANGU>E</LANGU>
     <DESCRIPT>Monster Simulator Persistency Layer</DESCRIPT>
    </SEOCOMPOTX>
    <SEOCOMPOTX>
     <CLSNAME>ZCL_MONSTER_SIMULATOR</CLSNAME>
     <CMPNAME>OPEN_MONSTERS_EYES</CMPNAME>
     <LANGU>E</LANGU>
     <DESCRIPT>Open Monsters Eyes</DESCRIPT>
    </SEOCOMPOTX>
    <SEOCOMPOTX>
     <CLSNAME>ZCL_MONSTER_SIMULATOR</CLSNAME>
     <CMPNAME>SIMULATE_MONSTER_BOM</CMPNAME>
     <LANGU>E</LANGU>
     <DESCRIPT>Simulate Monster BOM</DESCRIPT>
    </SEOCOMPOTX>
   </DESCRIPTIONS>
  </asx:values>
 </asx:abap>
</abapGit>
