﻿<?xml version="1.0" encoding="utf-8"?>
<abapGit version="v1.0.0" serializer="LCL_OBJECT_CLAS" serializer_version="v1.0.0">
 <asx:abap xmlns:asx="http://www.sap.com/abapxml" version="1.0">
  <asx:values>
   <DESCRIPTIONS>
    <SEOCOMPOTX>
     <CLSNAME>ZCL_COMPLICATED_LABORATORY</CLSNAME>
     <CMPNAME>CONSTRUCTOR</CMPNAME>
     <LANGU>E</LANGU>
     <DESCRIPT>Constructor</DESCRIPT>
    </SEOCOMPOTX>
    <SEOCOMPOTX>
     <CLSNAME>ZCL_COMPLICATED_LABORATORY</CLSNAME>
     <CMPNAME>EVALUATE_MONSTER</CMPNAME>
     <LANGU>E</LANGU>
     <DESCRIPT>Evaluate Monster</DESCRIPT>
    </SEOCOMPOTX>
    <SEOCOMPOTX>
     <CLSNAME>ZCL_COMPLICATED_LABORATORY</CLSNAME>
     <CMPNAME>MO_CREATOR</CMPNAME>
     <LANGU>E</LANGU>
     <DESCRIPT>Monster Creator</DESCRIPT>
    </SEOCOMPOTX>
    <SEOCOMPOTX>
     <CLSNAME>ZCL_COMPLICATED_LABORATORY</CLSNAME>
     <CMPNAME>MO_SIMULATOR</CMPNAME>
     <LANGU>E</LANGU>
     <DESCRIPT>Monster Simulator Interface</DESCRIPT>
    </SEOCOMPOTX>
   </DESCRIPTIONS>
  </asx:values>
 </asx:abap>
</abapGit>
