﻿<?xml version="1.0" encoding="utf-8"?>
<abapGit version="v1.0.0" serializer="LCL_OBJECT_CLAS" serializer_version="v1.0.0">
 <asx:abap xmlns:asx="http://www.sap.com/abapxml" version="1.0">
  <asx:values>
   <DESCRIPTIONS>
    <SEOCOMPOTX>
     <CLSNAME>ZCX_MOCKUP_LOADER_ERROR</CLSNAME>
     <CMPNAME>CODE</CMPNAME>
     <LANGU>E</LANGU>
     <DESCRIPT>Tech code for unit tests</DESCRIPT>
    </SEOCOMPOTX>
    <SEOCOMPOTX>
     <CLSNAME>ZCX_MOCKUP_LOADER_ERROR</CLSNAME>
     <CMPNAME>CONSTRUCTOR</CMPNAME>
     <LANGU>E</LANGU>
     <DESCRIPT>CONSTRUCTOR</DESCRIPT>
    </SEOCOMPOTX>
    <SEOCOMPOTX>
     <CLSNAME>ZCX_MOCKUP_LOADER_ERROR</CLSNAME>
     <CMPNAME>METHNAME</CMPNAME>
     <LANGU>E</LANGU>
     <DESCRIPT>Method where exception happened</DESCRIPT>
    </SEOCOMPOTX>
    <SEOCOMPOTX>
     <CLSNAME>ZCX_MOCKUP_LOADER_ERROR</CLSNAME>
     <CMPNAME>MSG</CMPNAME>
     <LANGU>E</LANGU>
     <DESCRIPT>Text description</DESCRIPT>
    </SEOCOMPOTX>
    <SEOCOMPOTX>
     <CLSNAME>ZCX_MOCKUP_LOADER_ERROR</CLSNAME>
     <CMPNAME>RAISE</CMPNAME>
     <LANGU>E</LANGU>
     <DESCRIPT>Raise the exception</DESCRIPT>
    </SEOCOMPOTX>
   </DESCRIPTIONS>
  </asx:values>
 </asx:abap>
</abapGit>
