﻿<?xml version="1.0" encoding="utf-8"?>
<abapGit version="v1.0.0" serializer="LCL_OBJECT_CLAS" serializer_version="v1.0.0">
 <asx:abap xmlns:asx="http://www.sap.com/abapxml" version="1.0">
  <asx:values>
   <DESCRIPTIONS>
    <SEOCOMPOTX>
     <CLSNAME>ZCX_MONSTER_EXCEPTION_LOP</CLSNAME>
     <CMPNAME>ARMS</CMPNAME>
     <LANGU>E</LANGU>
     <DESCRIPT>Number of Arms</DESCRIPT>
    </SEOCOMPOTX>
    <SEOCOMPOTX>
     <CLSNAME>ZCX_MONSTER_EXCEPTION_LOP</CLSNAME>
     <CMPNAME>BOLTS</CMPNAME>
     <LANGU>E</LANGU>
     <DESCRIPT>Number of Neck Bolts</DESCRIPT>
    </SEOCOMPOTX>
    <SEOCOMPOTX>
     <CLSNAME>ZCX_MONSTER_EXCEPTION_LOP</CLSNAME>
     <CMPNAME>CONSTRUCTOR</CMPNAME>
     <LANGU>E</LANGU>
     <DESCRIPT>CONSTRUCTOR</DESCRIPT>
    </SEOCOMPOTX>
    <SEOCOMPOTX>
     <CLSNAME>ZCX_MONSTER_EXCEPTION_LOP</CLSNAME>
     <CMPNAME>HEADS</CMPNAME>
     <LANGU>E</LANGU>
     <DESCRIPT>Number of Heads</DESCRIPT>
    </SEOCOMPOTX>
    <SEOCOMPOTX>
     <CLSNAME>ZCX_MONSTER_EXCEPTION_LOP</CLSNAME>
     <CMPNAME>LEGS</CMPNAME>
     <LANGU>E</LANGU>
     <DESCRIPT>Number of Legs</DESCRIPT>
    </SEOCOMPOTX>
    <SEOCOMPOTX>
     <CLSNAME>ZCX_MONSTER_EXCEPTION_LOP</CLSNAME>
     <CMPNAME>SCARINESS</CMPNAME>
     <LANGU>E</LANGU>
     <DESCRIPT>Scariness</DESCRIPT>
    </SEOCOMPOTX>
   </DESCRIPTIONS>
  </asx:values>
 </asx:abap>
</abapGit>
