﻿<?xml version="1.0" encoding="utf-8"?>
<abapGit version="v1.0.0" serializer="LCL_OBJECT_DTEL" serializer_version="v1.0.0">
 <asx:abap xmlns:asx="http://www.sap.com/abapxml" version="1.0">
  <asx:values>
   <DD04V>
    <ROLLNAME>ZDE_MONSTER_STRENGTH</ROLLNAME>
    <DDLANGUAGE>E</DDLANGUAGE>
    <DOMNAME>TEXT20</DOMNAME>
    <LOGFLAG>X</LOGFLAG>
    <HEADLEN>20</HEADLEN>
    <SCRLEN1>10</SCRLEN1>
    <SCRLEN2>16</SCRLEN2>
    <SCRLEN3>20</SCRLEN3>
    <DDTEXT>Monster Strength</DDTEXT>
    <REPTEXT>Monster Strength</REPTEXT>
    <SCRTEXT_S>M.Strength</SCRTEXT_S>
    <SCRTEXT_M>Monster Strength</SCRTEXT_M>
    <SCRTEXT_L>Monster Strength</SCRTEXT_L>
    <DTELMASTER>E</DTELMASTER>
    <REFKIND>D</REFKIND>
   </DD04V>
  </asx:values>
 </asx:abap>
</abapGit>
