﻿<?xml version="1.0" encoding="utf-8"?>
<abapGit version="v1.0.0" serializer="LCL_OBJECT_DTEL" serializer_version="v1.0.0">
 <asx:abap xmlns:asx="http://www.sap.com/abapxml" version="1.0">
  <asx:values>
   <DD04V>
    <ROLLNAME>ZDE_PART_DESCRIPTION</ROLLNAME>
    <DDLANGUAGE>E</DDLANGUAGE>
    <DOMNAME>TEXT30</DOMNAME>
    <HEADLEN>18</HEADLEN>
    <SCRLEN1>06</SCRLEN1>
    <SCRLEN2>18</SCRLEN2>
    <SCRLEN3>18</SCRLEN3>
    <DDTEXT>Sanity Description</DDTEXT>
    <REPTEXT>Part Description</REPTEXT>
    <SCRTEXT_S>Part</SCRTEXT_S>
    <SCRTEXT_M>Part Description</SCRTEXT_M>
    <SCRTEXT_L>Part  Description</SCRTEXT_L>
    <DTELMASTER>E</DTELMASTER>
    <REFKIND>D</REFKIND>
   </DD04V>
  </asx:values>
 </asx:abap>
</abapGit>
