﻿<?xml version="1.0" encoding="utf-8"?>
<abapGit version="v1.0.0" serializer="LCL_OBJECT_DTEL" serializer_version="v1.0.0">
 <asx:abap xmlns:asx="http://www.sap.com/abapxml" version="1.0">
  <asx:values>
   <DD04V>
    <ROLLNAME>ZDE_MONSTER_AGE_IN_DAYS</ROLLNAME>
    <DDLANGUAGE>E</DDLANGUAGE>
    <DOMNAME>INT4</DOMNAME>
    <LOGFLAG>X</LOGFLAG>
    <HEADLEN>19</HEADLEN>
    <SCRLEN1>10</SCRLEN1>
    <SCRLEN2>19</SCRLEN2>
    <SCRLEN3>20</SCRLEN3>
    <DDTEXT>Monster Age in Days</DDTEXT>
    <REPTEXT>Monster Age in Days</REPTEXT>
    <SCRTEXT_S>MonsterAge</SCRTEXT_S>
    <SCRTEXT_M>Monster Age in Days</SCRTEXT_M>
    <SCRTEXT_L>Monster Age in Days</SCRTEXT_L>
    <DTELMASTER>E</DTELMASTER>
    <REFKIND>D</REFKIND>
   </DD04V>
  </asx:values>
 </asx:abap>
</abapGit>
