﻿<?xml version="1.0" encoding="utf-8"?>
<abapGit version="v1.0.0" serializer="LCL_OBJECT_DTEL" serializer_version="v1.0.0">
 <asx:abap xmlns:asx="http://www.sap.com/abapxml" version="1.0">
  <asx:values>
   <DD04V>
    <ROLLNAME>ZDE_MONSTER_TYPES</ROLLNAME>
    <DDLANGUAGE>E</DDLANGUAGE>
    <DOMNAME>CHAR4</DOMNAME>
    <HEADLEN>31</HEADLEN>
    <SCRLEN1>10</SCRLEN1>
    <SCRLEN2>15</SCRLEN2>
    <SCRLEN3>31</SCRLEN3>
    <DDTEXT>Monster Type Customizing Values</DDTEXT>
    <REPTEXT>Monster Type Customizing Values</REPTEXT>
    <SCRTEXT_S>M.Type</SCRTEXT_S>
    <SCRTEXT_M>Monster Type</SCRTEXT_M>
    <SCRTEXT_L>Monster Type Customizing Values</SCRTEXT_L>
    <DTELMASTER>E</DTELMASTER>
    <REFKIND>D</REFKIND>
   </DD04V>
  </asx:values>
 </asx:abap>
</abapGit>
