﻿<?xml version="1.0" encoding="utf-8"?>
<abapGit version="v1.0.0" serializer="LCL_OBJECT_DTEL" serializer_version="v1.0.0">
 <asx:abap xmlns:asx="http://www.sap.com/abapxml" version="1.0">
  <asx:values>
   <DD04V>
    <ROLLNAME>ZDE_HAT_SIZE_DESCRIPTION</ROLLNAME>
    <DDLANGUAGE>E</DDLANGUAGE>
    <DOMNAME>TEXT30</DOMNAME>
    <HEADLEN>30</HEADLEN>
    <SCRLEN1>10</SCRLEN1>
    <SCRLEN2>20</SCRLEN2>
    <SCRLEN3>40</SCRLEN3>
    <DDTEXT>Hat Size Description</DDTEXT>
    <REPTEXT>Hat Size Description</REPTEXT>
    <SCRTEXT_S>Hat Size</SCRTEXT_S>
    <SCRTEXT_M>Hat Size Description</SCRTEXT_M>
    <SCRTEXT_L>Hat Size Description</SCRTEXT_L>
    <DTELMASTER>E</DTELMASTER>
    <REFKIND>D</REFKIND>
   </DD04V>
  </asx:values>
 </asx:abap>
</abapGit>
