﻿<?xml version="1.0" encoding="utf-8"?>
<abapGit version="v1.0.0" serializer="LCL_OBJECT_DTEL" serializer_version="v1.0.0">
 <asx:abap xmlns:asx="http://www.sap.com/abapxml" version="1.0">
  <asx:values>
   <DD04V>
    <ROLLNAME>ZDE_MONSTER_DELIVERY_NUMBER</ROLLNAME>
    <DDLANGUAGE>E</DDLANGUAGE>
    <DOMNAME>VBELN</DOMNAME>
    <HEADLEN>23</HEADLEN>
    <SCRLEN1>08</SCRLEN1>
    <SCRLEN2>15</SCRLEN2>
    <SCRLEN3>23</SCRLEN3>
    <DDTEXT>Monster Delivery Number</DDTEXT>
    <REPTEXT>Monster Delivery Number</REPTEXT>
    <SCRTEXT_S>Delivery</SCRTEXT_S>
    <SCRTEXT_M>Delivery Number</SCRTEXT_M>
    <SCRTEXT_L>Monster Delivery Number</SCRTEXT_L>
    <DTELMASTER>E</DTELMASTER>
    <REFKIND>D</REFKIND>
   </DD04V>
  </asx:values>
 </asx:abap>
</abapGit>
