﻿<?xml version="1.0" encoding="utf-8"?>
<abapGit version="v1.0.0" serializer="LCL_OBJECT_DTEL" serializer_version="v1.0.0">
 <asx:abap xmlns:asx="http://www.sap.com/abapxml" version="1.0">
  <asx:values>
   <DD04V>
    <ROLLNAME>ZDE_MONSTER_PART_CATEGORY</ROLLNAME>
    <DDLANGUAGE>E</DDLANGUAGE>
    <DOMNAME>ZDO_MONSTER_PART_CATEGORY</DOMNAME>
    <LOGFLAG>X</LOGFLAG>
    <HEADLEN>48</HEADLEN>
    <SCRLEN1>10</SCRLEN1>
    <SCRLEN2>15</SCRLEN2>
    <SCRLEN3>21</SCRLEN3>
    <DDTEXT>Monster Part Category (Head / Wings / Tail etc.)</DDTEXT>
    <REPTEXT>Monster Part Category (Head / Wings / Tail etc.)</REPTEXT>
    <SCRTEXT_S>MP Cat</SCRTEXT_S>
    <SCRTEXT_M>M.Part Category</SCRTEXT_M>
    <SCRTEXT_L>Monster Part Category</SCRTEXT_L>
    <DTELMASTER>E</DTELMASTER>
    <REFKIND>D</REFKIND>
   </DD04V>
  </asx:values>
 </asx:abap>
</abapGit>
