﻿<?xml version="1.0" encoding="utf-8"?>
<abapGit version="v1.0.0" serializer="LCL_OBJECT_DTEL" serializer_version="v1.0.0">
 <asx:abap xmlns:asx="http://www.sap.com/abapxml" version="1.0">
  <asx:values>
   <DD04V>
    <ROLLNAME>ZDE_MONSTER_NUMBER</ROLLNAME>
    <DDLANGUAGE>E</DDLANGUAGE>
    <DOMNAME>VBELN</DOMNAME>
    <LOGFLAG>X</LOGFLAG>
    <HEADLEN>15</HEADLEN>
    <SCRLEN1>08</SCRLEN1>
    <SCRLEN2>15</SCRLEN2>
    <SCRLEN3>15</SCRLEN3>
    <DDTEXT>Monster  Number</DDTEXT>
    <REPTEXT>Monster  Number</REPTEXT>
    <SCRTEXT_S>M.Number</SCRTEXT_S>
    <SCRTEXT_M>Monster  Number</SCRTEXT_M>
    <SCRTEXT_L>Monster  Number</SCRTEXT_L>
    <DTELMASTER>E</DTELMASTER>
    <REFKIND>D</REFKIND>
   </DD04V>
  </asx:values>
 </asx:abap>
</abapGit>
