﻿<?xml version="1.0" encoding="utf-8"?>
<abapGit version="v1.0.0" serializer="LCL_OBJECT_DTEL" serializer_version="v1.0.0">
 <asx:abap xmlns:asx="http://www.sap.com/abapxml" version="1.0">
  <asx:values>
   <DD04V>
    <ROLLNAME>ZDE_MONSTER_BRAIN_SIZE_NUMERIC</ROLLNAME>
    <DDLANGUAGE>E</DDLANGUAGE>
    <DOMNAME>INT1</DOMNAME>
    <HEADLEN>18</HEADLEN>
    <SCRLEN1>10</SCRLEN1>
    <SCRLEN2>18</SCRLEN2>
    <SCRLEN3>20</SCRLEN3>
    <DDTEXT>Monster Brain Size</DDTEXT>
    <REPTEXT>Monster Brain Size</REPTEXT>
    <SCRTEXT_S>Brain Size</SCRTEXT_S>
    <SCRTEXT_M>Monster Brain Size</SCRTEXT_M>
    <SCRTEXT_L>Monster Brain Size</SCRTEXT_L>
    <DTELMASTER>E</DTELMASTER>
    <REFKIND>D</REFKIND>
   </DD04V>
  </asx:values>
 </asx:abap>
</abapGit>
