﻿<?xml version="1.0" encoding="utf-8"?>
<abapGit version="v1.0.0" serializer="LCL_OBJECT_DTEL" serializer_version="v1.0.0">
 <asx:abap xmlns:asx="http://www.sap.com/abapxml" version="1.0">
  <asx:values>
   <DD04V>
    <ROLLNAME>ZDE_MONSTER_HEADS</ROLLNAME>
    <DDLANGUAGE>E</DDLANGUAGE>
    <DOMNAME>INT4</DOMNAME>
    <LOGFLAG>X</LOGFLAG>
    <HEADLEN>23</HEADLEN>
    <SCRLEN1>10</SCRLEN1>
    <SCRLEN2>15</SCRLEN2>
    <SCRLEN3>23</SCRLEN3>
    <DDTEXT>Number of Monster Heads</DDTEXT>
    <REPTEXT>Number of Monster Heads</REPTEXT>
    <SCRTEXT_S>M.Heads</SCRTEXT_S>
    <SCRTEXT_M>Monster Heads</SCRTEXT_M>
    <SCRTEXT_L>Number of Monster Heads</SCRTEXT_L>
    <DTELMASTER>E</DTELMASTER>
    <REFKIND>D</REFKIND>
   </DD04V>
  </asx:values>
 </asx:abap>
</abapGit>
