﻿<?xml version="1.0" encoding="utf-8"?>
<abapGit version="v1.0.0" serializer="LCL_OBJECT_MSAG" serializer_version="v1.0.0">
 <asx:abap xmlns:asx="http://www.sap.com/abapxml" version="1.0">
  <asx:values>
   <T100A>
    <ARBGB>ZMONSTERS</ARBGB>
    <MASTERLANG>E</MASTERLANG>
    <STEXT>Monster Error Message Class</STEXT>
   </T100A>
   <T100>
    <T100>
     <SPRSL>E</SPRSL>
     <ARBGB>ZMONSTERS</ARBGB>
     <MSGNR>000</MSGNR>
     <TEXT>A General Monster Error Occurred</TEXT>
    </T100>
    <T100>
     <SPRSL>E</SPRSL>
     <ARBGB>ZMONSTERS</ARBGB>
     <MSGNR>001</MSGNR>
     <TEXT>You cannot wear a hat if you have no head</TEXT>
    </T100>
    <T100>
     <SPRSL>E</SPRSL>
     <ARBGB>ZMONSTERS</ARBGB>
     <MSGNR>002</MSGNR>
     <TEXT>A monster cannot howl if it does not have a head</TEXT>
    </T100>
    <T100>
     <SPRSL>E</SPRSL>
     <ARBGB>ZMONSTERS</ARBGB>
     <MSGNR>003</MSGNR>
     <TEXT>&amp;1 &amp;2 &amp;3 &amp;4</TEXT>
    </T100>
   </T100>
  </asx:values>
 </asx:abap>
</abapGit>
