﻿<?xml version="1.0" encoding="utf-8"?>
<abapGit version="v1.0.0" serializer="LCL_OBJECT_FUGR" serializer_version="v1.0.0">
 <asx:abap xmlns:asx="http://www.sap.com/abapxml" version="1.0">
  <asx:values>
   <AREAT>Monster Golf Scores</AREAT>
   <INCLUDES>
    <SOBJ_NAME>SAPLZMONSTER_GOLF_SCORES</SOBJ_NAME>
   </INCLUDES>
   <FUNCTIONS>
    <item>
     <FUNCNAME>ZMONSTER_GOLF_SCORES</FUNCNAME>
     <SHORT_TEXT>Monster Golf Scores</SHORT_TEXT>
    </item>
   </FUNCTIONS>
  </asx:values>
 </asx:abap>
</abapGit>
