﻿<?xml version="1.0" encoding="utf-8"?>
<abapGit version="v1.0.0" serializer="LCL_OBJECT_TABL" serializer_version="v1.0.0">
 <asx:abap xmlns:asx="http://www.sap.com/abapxml" version="1.0">
  <asx:values>
   <DD02V>
    <TABNAME>ZSP_MONSTER_ITEMS_D</TABNAME>
    <DDLANGUAGE>E</DDLANGUAGE>
    <TABCLASS>INTTAB</TABCLASS>
    <DDTEXT>Monster Item Structure</DDTEXT>
    <EXCLASS>1</EXCLASS>
   </DD02V>
   <DD03P_TABLE>
    <DD03P>
     <TABNAME>ZSP_MONSTER_ITEMS_D</TABNAME>
     <FIELDNAME>MONSTER_NUMBER</FIELDNAME>
     <POSITION>0001</POSITION>
     <ROLLNAME>ZDE_MONSTER_NUMBER</ROLLNAME>
     <ADMINFIELD>0</ADMINFIELD>
     <COMPTYPE>E</COMPTYPE>
    </DD03P>
    <DD03P>
     <TABNAME>ZSP_MONSTER_ITEMS_D</TABNAME>
     <FIELDNAME>MONSTER_ITEM</FIELDNAME>
     <POSITION>0002</POSITION>
     <ROLLNAME>ZDE_MONSTER_ITEM</ROLLNAME>
     <ADMINFIELD>0</ADMINFIELD>
     <COMPTYPE>E</COMPTYPE>
    </DD03P>
    <DD03P>
     <TABNAME>ZSP_MONSTER_ITEMS_D</TABNAME>
     <FIELDNAME>PART_CATEGORY</FIELDNAME>
     <POSITION>0003</POSITION>
     <ROLLNAME>ZDE_MONSTER_PART_CATEGORY</ROLLNAME>
     <ADMINFIELD>0</ADMINFIELD>
     <COMPTYPE>E</COMPTYPE>
    </DD03P>
    <DD03P>
     <TABNAME>ZSP_MONSTER_ITEMS_D</TABNAME>
     <FIELDNAME>PART_QUANTITY</FIELDNAME>
     <POSITION>0004</POSITION>
     <ROLLNAME>ZDE_MONSTER_PART_QUANTITY</ROLLNAME>
     <ADMINFIELD>0</ADMINFIELD>
     <COMPTYPE>E</COMPTYPE>
    </DD03P>
   </DD03P_TABLE>
  </asx:values>
 </asx:abap>
</abapGit>
