﻿<?xml version="1.0" encoding="utf-8"?>
<abapGit version="v1.0.0" serializer="LCL_OBJECT_TABL" serializer_version="v1.0.0">
 <asx:abap xmlns:asx="http://www.sap.com/abapxml" version="1.0">
  <asx:values>
   <DD02V>
    <TABNAME>ZSP_MONSTER_HEADER_D</TABNAME>
    <DDLANGUAGE>E</DDLANGUAGE>
    <TABCLASS>INTTAB</TABCLASS>
    <DDTEXT>Monster Header Persistent Structure</DDTEXT>
    <EXCLASS>1</EXCLASS>
   </DD02V>
   <DD03P_TABLE>
    <DD03P>
     <TABNAME>ZSP_MONSTER_HEADER_D</TABNAME>
     <FIELDNAME>MONSTER_NUMBER</FIELDNAME>
     <POSITION>0001</POSITION>
     <ROLLNAME>ZDE_MONSTER_NUMBER</ROLLNAME>
     <ADMINFIELD>0</ADMINFIELD>
     <COMPTYPE>E</COMPTYPE>
    </DD03P>
    <DD03P>
     <TABNAME>ZSP_MONSTER_HEADER_D</TABNAME>
     <FIELDNAME>NAME</FIELDNAME>
     <POSITION>0002</POSITION>
     <ROLLNAME>ZDE_MONSTER_NAME</ROLLNAME>
     <ADMINFIELD>0</ADMINFIELD>
     <COMPTYPE>E</COMPTYPE>
    </DD03P>
    <DD03P>
     <TABNAME>ZSP_MONSTER_HEADER_D</TABNAME>
     <FIELDNAME>SANITY</FIELDNAME>
     <POSITION>0003</POSITION>
     <ROLLNAME>ZDE_MONSTER_SANITY</ROLLNAME>
     <ADMINFIELD>0</ADMINFIELD>
     <COMPTYPE>E</COMPTYPE>
    </DD03P>
    <DD03P>
     <TABNAME>ZSP_MONSTER_HEADER_D</TABNAME>
     <FIELDNAME>COLOR</FIELDNAME>
     <POSITION>0004</POSITION>
     <ROLLNAME>ZDE_MONSTER_COLOR</ROLLNAME>
     <ADMINFIELD>0</ADMINFIELD>
     <COMPTYPE>E</COMPTYPE>
    </DD03P>
    <DD03P>
     <TABNAME>ZSP_MONSTER_HEADER_D</TABNAME>
     <FIELDNAME>STRENGTH</FIELDNAME>
     <POSITION>0005</POSITION>
     <ROLLNAME>ZDE_MONSTER_STRENGTH</ROLLNAME>
     <ADMINFIELD>0</ADMINFIELD>
     <COMPTYPE>E</COMPTYPE>
    </DD03P>
    <DD03P>
     <TABNAME>ZSP_MONSTER_HEADER_D</TABNAME>
     <FIELDNAME>HAT_SIZE</FIELDNAME>
     <POSITION>0006</POSITION>
     <ROLLNAME>ZDE_MONSTER_HAT_SIZE</ROLLNAME>
     <ADMINFIELD>0</ADMINFIELD>
     <COMPTYPE>E</COMPTYPE>
    </DD03P>
    <DD03P>
     <TABNAME>ZSP_MONSTER_HEADER_D</TABNAME>
     <FIELDNAME>AGE</FIELDNAME>
     <POSITION>0007</POSITION>
     <ROLLNAME>ZDE_MONSTER_AGE_IN_DAYS</ROLLNAME>
     <ADMINFIELD>0</ADMINFIELD>
     <COMPTYPE>E</COMPTYPE>
    </DD03P>
    <DD03P>
     <TABNAME>ZSP_MONSTER_HEADER_D</TABNAME>
     <FIELDNAME>NO_OF_HEADS</FIELDNAME>
     <POSITION>0008</POSITION>
     <ROLLNAME>ZDE_MONSTER_HEADS</ROLLNAME>
     <ADMINFIELD>0</ADMINFIELD>
     <COMPTYPE>E</COMPTYPE>
    </DD03P>
    <DD03P>
     <TABNAME>ZSP_MONSTER_HEADER_D</TABNAME>
     <FIELDNAME>MONSTER_COUNT</FIELDNAME>
     <POSITION>0009</POSITION>
     <ROLLNAME>ZDE_MONSTER_COUNT</ROLLNAME>
     <ADMINFIELD>0</ADMINFIELD>
     <COMPTYPE>E</COMPTYPE>
    </DD03P>
    <DD03P>
     <TABNAME>ZSP_MONSTER_HEADER_D</TABNAME>
     <FIELDNAME>TAX_NUMBER</FIELDNAME>
     <POSITION>0010</POSITION>
     <ROLLNAME>ZDE_MONSTER_TAX_NUMBER</ROLLNAME>
     <ADMINFIELD>0</ADMINFIELD>
     <COMPTYPE>E</COMPTYPE>
    </DD03P>
    <DD03P>
     <TABNAME>ZSP_MONSTER_HEADER_D</TABNAME>
     <FIELDNAME>EVILNESS</FIELDNAME>
     <POSITION>0011</POSITION>
     <ROLLNAME>ZDE_MONSTER_EVILNESS</ROLLNAME>
     <ADMINFIELD>0</ADMINFIELD>
     <COMPTYPE>E</COMPTYPE>
    </DD03P>
   </DD03P_TABLE>
  </asx:values>
 </asx:abap>
</abapGit>
