﻿<?xml version="1.0" encoding="utf-8"?>
<abapGit version="v1.0.0" serializer="LCL_OBJECT_TABL" serializer_version="v1.0.0">
 <asx:abap xmlns:asx="http://www.sap.com/abapxml" version="1.0">
  <asx:values>
   <DD02V>
    <TABNAME>ZST_MONSTER_BEST_BRAINS</TABNAME>
    <DDLANGUAGE>E</DDLANGUAGE>
    <TABCLASS>INTTAB</TABCLASS>
    <DDTEXT>Best Monster Brains</DDTEXT>
    <EXCLASS>1</EXCLASS>
   </DD02V>
   <DD03P_TABLE>
    <DD03P>
     <TABNAME>ZST_MONSTER_BEST_BRAINS</TABNAME>
     <FIELDNAME>MONSTER_NUMBER</FIELDNAME>
     <POSITION>0001</POSITION>
     <ROLLNAME>ZDE_MONSTER_NUMBER</ROLLNAME>
     <ADMINFIELD>0</ADMINFIELD>
     <COMPTYPE>E</COMPTYPE>
    </DD03P>
    <DD03P>
     <TABNAME>ZST_MONSTER_BEST_BRAINS</TABNAME>
     <FIELDNAME>MONSTER_NAME</FIELDNAME>
     <POSITION>0002</POSITION>
     <ROLLNAME>ZDE_MONSTER_NAME</ROLLNAME>
     <ADMINFIELD>0</ADMINFIELD>
     <COMPTYPE>E</COMPTYPE>
    </DD03P>
    <DD03P>
     <TABNAME>ZST_MONSTER_BEST_BRAINS</TABNAME>
     <FIELDNAME>BEST_BRAIN_01</FIELDNAME>
     <POSITION>0003</POSITION>
     <ROLLNAME>ZDE_MONSTER_BRAIN_NUMBER</ROLLNAME>
     <ADMINFIELD>0</ADMINFIELD>
     <COMPTYPE>E</COMPTYPE>
    </DD03P>
    <DD03P>
     <TABNAME>ZST_MONSTER_BEST_BRAINS</TABNAME>
     <FIELDNAME>BEST_BRAIN_02</FIELDNAME>
     <POSITION>0004</POSITION>
     <ROLLNAME>ZDE_MONSTER_BRAIN_NUMBER</ROLLNAME>
     <ADMINFIELD>0</ADMINFIELD>
     <COMPTYPE>E</COMPTYPE>
    </DD03P>
    <DD03P>
     <TABNAME>ZST_MONSTER_BEST_BRAINS</TABNAME>
     <FIELDNAME>BEST_BRAIN_03</FIELDNAME>
     <POSITION>0005</POSITION>
     <ROLLNAME>ZDE_MONSTER_BRAIN_NUMBER</ROLLNAME>
     <ADMINFIELD>0</ADMINFIELD>
     <COMPTYPE>E</COMPTYPE>
    </DD03P>
    <DD03P>
     <TABNAME>ZST_MONSTER_BEST_BRAINS</TABNAME>
     <FIELDNAME>BEST_BRAIN_04</FIELDNAME>
     <POSITION>0006</POSITION>
     <ROLLNAME>ZDE_MONSTER_BRAIN_NUMBER</ROLLNAME>
     <ADMINFIELD>0</ADMINFIELD>
     <COMPTYPE>E</COMPTYPE>
    </DD03P>
   </DD03P_TABLE>
  </asx:values>
 </asx:abap>
</abapGit>
