﻿<?xml version="1.0" encoding="utf-8"?>
<abapGit version="v1.0.0" serializer="LCL_OBJECT_TABL" serializer_version="v1.0.0">
 <asx:abap xmlns:asx="http://www.sap.com/abapxml" version="1.0">
  <asx:values>
   <DD02V>
    <TABNAME>ZTMONSTER_AM</TABNAME>
    <DDLANGUAGE>E</DDLANGUAGE>
    <TABCLASS>TRANSP</TABCLASS>
    <CLIDEP>X</CLIDEP>
    <DDTEXT>Monster Atrocity Monitor</DDTEXT>
    <MAINFLAG>X</MAINFLAG>
    <CONTFLAG>A</CONTFLAG>
    <EXCLASS>1</EXCLASS>
   </DD02V>
   <DD09L>
    <TABNAME>ZTMONSTER_AM</TABNAME>
    <AS4LOCAL>A</AS4LOCAL>
    <TABKAT>3</TABKAT>
    <TABART>APPL1</TABART>
    <PROTOKOLL>X</PROTOKOLL>
    <BUFALLOW>N</BUFALLOW>
   </DD09L>
   <DD03P_TABLE>
    <DD03P>
     <TABNAME>ZTMONSTER_AM</TABNAME>
     <FIELDNAME>MANDT</FIELDNAME>
     <POSITION>0001</POSITION>
     <KEYFLAG>X</KEYFLAG>
     <ROLLNAME>MANDT</ROLLNAME>
     <ADMINFIELD>0</ADMINFIELD>
     <NOTNULL>X</NOTNULL>
     <COMPTYPE>E</COMPTYPE>
    </DD03P>
    <DD03P>
     <TABNAME>ZTMONSTER_AM</TABNAME>
     <FIELDNAME>DELIVERY_NUMBER</FIELDNAME>
     <POSITION>0002</POSITION>
     <KEYFLAG>X</KEYFLAG>
     <ROLLNAME>ZDE_MONSTER_DELIVERY_NUMBER</ROLLNAME>
     <ADMINFIELD>0</ADMINFIELD>
     <NOTNULL>X</NOTNULL>
     <COMPTYPE>E</COMPTYPE>
    </DD03P>
    <DD03P>
     <TABNAME>ZTMONSTER_AM</TABNAME>
     <FIELDNAME>ORDER_NUMBER</FIELDNAME>
     <POSITION>0003</POSITION>
     <ROLLNAME>ZDE_MONSTER_ORDER_NUMBER</ROLLNAME>
     <ADMINFIELD>0</ADMINFIELD>
     <COMPTYPE>E</COMPTYPE>
    </DD03P>
    <DD03P>
     <TABNAME>ZTMONSTER_AM</TABNAME>
     <FIELDNAME>MONSTER_NAME</FIELDNAME>
     <POSITION>0004</POSITION>
     <ROLLNAME>ZDE_MONSTER_NAME</ROLLNAME>
     <ADMINFIELD>0</ADMINFIELD>
     <COMPTYPE>E</COMPTYPE>
    </DD03P>
    <DD03P>
     <TABNAME>ZTMONSTER_AM</TABNAME>
     <FIELDNAME>CASTLE_NUMBER</FIELDNAME>
     <POSITION>0005</POSITION>
     <ROLLNAME>ZDE_MADSCIENTIST_CASTLE_NUMBER</ROLLNAME>
     <ADMINFIELD>0</ADMINFIELD>
     <COMPTYPE>E</COMPTYPE>
    </DD03P>
    <DD03P>
     <TABNAME>ZTMONSTER_AM</TABNAME>
     <FIELDNAME>TARGET_VILLAGE</FIELDNAME>
     <POSITION>0006</POSITION>
     <ROLLNAME>ZDE_VILLAGE_NUMBER</ROLLNAME>
     <ADMINFIELD>0</ADMINFIELD>
     <COMPTYPE>E</COMPTYPE>
    </DD03P>
    <DD03P>
     <TABNAME>ZTMONSTER_AM</TABNAME>
     <FIELDNAME>TARGET_ADDRESS</FIELDNAME>
     <POSITION>0007</POSITION>
     <ROLLNAME>ZDE_VILLAGE_ADDRESS</ROLLNAME>
     <ADMINFIELD>0</ADMINFIELD>
     <COMPTYPE>E</COMPTYPE>
    </DD03P>
    <DD03P>
     <TABNAME>ZTMONSTER_AM</TABNAME>
     <FIELDNAME>TASK_DESCRIPTION</FIELDNAME>
     <POSITION>0008</POSITION>
     <ROLLNAME>ZDE_MONSTER_TASK_DESCRIPTION</ROLLNAME>
     <ADMINFIELD>0</ADMINFIELD>
     <COMPTYPE>E</COMPTYPE>
    </DD03P>
    <DD03P>
     <TABNAME>ZTMONSTER_AM</TABNAME>
     <FIELDNAME>DUE_DATE</FIELDNAME>
     <POSITION>0009</POSITION>
     <ROLLNAME>DATUM</ROLLNAME>
     <ADMINFIELD>0</ADMINFIELD>
     <SHLPORIGIN>T</SHLPORIGIN>
     <COMPTYPE>E</COMPTYPE>
    </DD03P>
    <DD03P>
     <TABNAME>ZTMONSTER_AM</TABNAME>
     <FIELDNAME>DUE_TIME</FIELDNAME>
     <POSITION>0010</POSITION>
     <ROLLNAME>ARC_DESTRDB_TIME</ROLLNAME>
     <ADMINFIELD>0</ADMINFIELD>
     <SHLPORIGIN>T</SHLPORIGIN>
     <COMPTYPE>E</COMPTYPE>
    </DD03P>
    <DD03P>
     <TABNAME>ZTMONSTER_AM</TABNAME>
     <FIELDNAME>CURRENT_STATUS</FIELDNAME>
     <POSITION>0011</POSITION>
     <ROLLNAME>ZDE_MONSTER_STATUS</ROLLNAME>
     <ADMINFIELD>0</ADMINFIELD>
     <VALEXI>X</VALEXI>
     <SHLPORIGIN>F</SHLPORIGIN>
     <COMPTYPE>E</COMPTYPE>
    </DD03P>
   </DD03P_TABLE>
  </asx:values>
 </asx:abap>
</abapGit>
