﻿<?xml version="1.0" encoding="utf-8"?>
<abapGit version="v1.0.0" serializer="LCL_OBJECT_TABL" serializer_version="v1.0.0">
 <asx:abap xmlns:asx="http://www.sap.com/abapxml" version="1.0">
  <asx:values>
   <DD02V>
    <TABNAME>ZTVILLAGER_INFO</TABNAME>
    <DDLANGUAGE>E</DDLANGUAGE>
    <TABCLASS>TRANSP</TABCLASS>
    <CLIDEP>X</CLIDEP>
    <DDTEXT>Villager Information</DDTEXT>
    <MAINFLAG>X</MAINFLAG>
    <CONTFLAG>A</CONTFLAG>
    <EXCLASS>1</EXCLASS>
   </DD02V>
   <DD09L>
    <TABNAME>ZTVILLAGER_INFO</TABNAME>
    <AS4LOCAL>A</AS4LOCAL>
    <TABKAT>1</TABKAT>
    <TABART>APPL0</TABART>
    <PUFFERUNG>G</PUFFERUNG>
    <SCHFELDANZ>002</SCHFELDANZ>
    <PROTOKOLL>X</PROTOKOLL>
    <BUFALLOW>X</BUFALLOW>
    <ROWORCOLST>R</ROWORCOLST>
   </DD09L>
   <DD03P_TABLE>
    <DD03P>
     <TABNAME>ZTVILLAGER_INFO</TABNAME>
     <FIELDNAME>MANDT</FIELDNAME>
     <POSITION>0001</POSITION>
     <KEYFLAG>X</KEYFLAG>
     <ROLLNAME>MANDT</ROLLNAME>
     <ADMINFIELD>0</ADMINFIELD>
     <NOTNULL>X</NOTNULL>
     <COMPTYPE>E</COMPTYPE>
    </DD03P>
    <DD03P>
     <TABNAME>ZTVILLAGER_INFO</TABNAME>
     <FIELDNAME>VILLAGER_NUMBER</FIELDNAME>
     <POSITION>0002</POSITION>
     <KEYFLAG>X</KEYFLAG>
     <ROLLNAME>ZDE_VILLAGER_NUMBER</ROLLNAME>
     <ADMINFIELD>0</ADMINFIELD>
     <NOTNULL>X</NOTNULL>
     <COMPTYPE>E</COMPTYPE>
    </DD03P>
    <DD03P>
     <TABNAME>ZTVILLAGER_INFO</TABNAME>
     <FIELDNAME>ENDDA</FIELDNAME>
     <POSITION>0003</POSITION>
     <KEYFLAG>X</KEYFLAG>
     <ROLLNAME>ENDDA</ROLLNAME>
     <ADMINFIELD>0</ADMINFIELD>
     <NOTNULL>X</NOTNULL>
     <SHLPORIGIN>T</SHLPORIGIN>
     <COMPTYPE>E</COMPTYPE>
    </DD03P>
    <DD03P>
     <TABNAME>ZTVILLAGER_INFO</TABNAME>
     <FIELDNAME>BEGDA</FIELDNAME>
     <POSITION>0004</POSITION>
     <KEYFLAG>X</KEYFLAG>
     <ROLLNAME>BEGDA</ROLLNAME>
     <ADMINFIELD>0</ADMINFIELD>
     <NOTNULL>X</NOTNULL>
     <SHLPORIGIN>T</SHLPORIGIN>
     <COMPTYPE>E</COMPTYPE>
    </DD03P>
    <DD03P>
     <TABNAME>ZTVILLAGER_INFO</TABNAME>
     <FIELDNAME>FIRST_NAME</FIELDNAME>
     <POSITION>0005</POSITION>
     <ROLLNAME>ZDE_VILLAGER_FIRST_NAME</ROLLNAME>
     <ADMINFIELD>0</ADMINFIELD>
     <COMPTYPE>E</COMPTYPE>
    </DD03P>
    <DD03P>
     <TABNAME>ZTVILLAGER_INFO</TABNAME>
     <FIELDNAME>LAST_NAME</FIELDNAME>
     <POSITION>0006</POSITION>
     <ROLLNAME>ZDE_VILLAGER_LAST_NAME</ROLLNAME>
     <ADMINFIELD>0</ADMINFIELD>
     <COMPTYPE>E</COMPTYPE>
    </DD03P>
    <DD03P>
     <TABNAME>ZTVILLAGER_INFO</TABNAME>
     <FIELDNAME>VILLAGE_NUMBER</FIELDNAME>
     <POSITION>0007</POSITION>
     <ROLLNAME>ZDE_VILLAGE_NUMBER</ROLLNAME>
     <ADMINFIELD>0</ADMINFIELD>
     <COMPTYPE>E</COMPTYPE>
    </DD03P>
   </DD03P_TABLE>
  </asx:values>
 </asx:abap>
</abapGit>
